,Date,Open,Close,High,Low
0,2015-05-19,0.00649,0.006359,0.006871,0.006088
1,2015-05-20,0.006359,0.006362,0.006588,0.006362
2,2015-05-21,0.006362,0.00668,0.006786,0.006497
3,2015-05-22,0.00668,0.006886,0.007056,0.006645
4,2015-05-23,0.006886,0.006779,0.006974,0.006738
5,2015-05-24,0.006779,0.006913,0.007224,0.006626
6,2015-05-25,0.007248,0.007238,0.007248,0.007238
7,2015-05-26,0.007238,0.01498,0.01498,0.005522
8,2015-05-27,0.006756,0.007998,0.008204,0.006714
9,2015-05-28,0.005526,0.01412,0.01412,0.005526
10,2015-05-29,0.009424,0.008184,0.009378,0.007999
11,2015-05-30,0.0081,0.009,0.009,0.0081
12,2015-05-31,0.009,0.0056,0.009,0.0056
13,2015-06-01,0.0078,0.00857,0.008576,0.0075
14,2015-06-02,0.0056,0.005606,0.005606,0.0056
15,2015-06-03,0.0085,0.008919,0.008919,0.008
16,2015-06-04,0.007603,0.00786,0.008095,0.007642
17,2015-06-05,0.00786,0.007843,0.0079,0.007796
18,2015-06-06,0.007843,0.007882,0.007944,0.007652
19,2015-06-07,0.007882,0.007968,0.008082,0.007847
20,2015-06-08,0.007968,0.008023,0.00817,0.007895
21,2015-06-09,0.008023,0.008028,0.008163,0.007845
22,2015-06-10,0.008028,0.008,0.008071,0.007929
23,2015-06-11,0.008,0.007916,0.008071,0.007847
24,2015-06-12,0.008,0.0079,0.008909,0.005561
25,2015-06-13,0.008146,0.008109,0.008195,0.008004
26,2015-06-14,0.008,0.0084,0.0084,0.008
27,2015-06-15,0.008861,0.009291,0.01025,0.009221
28,2015-06-16,0.009291,0.009786,0.009945,0.009141
29,2015-06-17,0.009786,0.01024,0.0104,0.009453
30,2015-06-18,0.01139,0.01139,0.01139,0.01139
31,2015-06-19,0.01129,0.01078,0.01141,0.01058
32,2015-06-20,0.0141,0.01,0.01497,0.01
33,2015-06-21,0.01,0.01025,0.01025,0.01
34,2015-06-22,0.01051,0.01061,0.01105,0.01022
35,2015-06-23,0.01025,0.0115,0.0115,0.01025
36,2015-06-24,0.0115,0.0115,0.0115,0.0115
37,2015-06-25,0.0115,0.0122,0.0122,0.0115
38,2015-06-26,0.0105,0.011,0.01497,0.0105
39,2015-06-27,0.01136,0.01157,0.0116,0.01101
40,2015-06-28,0.01157,0.01167,0.01225,0.01162
41,2015-06-29,0.01167,0.01054,0.01196,0.008175
42,2015-06-30,0.01054,0.01081,0.0112,0.01033
43,2015-07-01,0.01081,0.01072,0.01091,0.01064
44,2015-07-02,0.01072,0.01088,0.01103,0.01074
45,2015-07-03,0.01088,0.01055,0.01128,0.01046
46,2015-07-04,0.01055,0.009663,0.01092,0.009544
47,2015-07-05,0.00885,0.01025,0.01025,0.00885
48,2015-07-06,0.009318,0.009275,0.00961,0.008476
49,2015-07-07,0.0092,0.0097,0.0097,0.0092
50,2015-07-08,0.0097,0.0084,0.0097,0.0084
51,2015-07-09,0.008677,0.008435,0.009901,0.00806
52,2015-07-10,0.008435,0.008453,0.008815,0.008204
53,2015-07-11,0.00825,0.008251,0.008977,0.00825
54,2015-07-12,0.008556,0.008292,0.008986,0.007331
55,2015-07-13,0.008292,0.008362,0.008701,0.007837
56,2015-07-14,0.008362,0.008282,0.008675,0.008154
57,2015-07-15,0.008282,0.007985,0.008215,0.007733
58,2015-07-16,0.007985,0.008115,0.008271,0.008011
59,2015-07-17,0.008115,0.007953,0.008076,0.007854
60,2015-07-18,0.007953,0.008031,0.008225,0.007919
61,2015-07-19,0.008031,0.007928,0.008378,0.007925
62,2015-07-20,0.007928,0.007703,0.007931,0.007452
63,2015-07-21,0.007703,0.007641,0.007912,0.007534
64,2015-07-22,0.007641,0.007502,0.007654,0.007356
65,2015-07-23,0.007502,0.00772,0.007979,0.00765
66,2015-07-24,0.00772,0.007955,0.00801,0.007654
67,2015-07-25,0.007955,0.008286,0.008383,0.007849
68,2015-07-26,0.008286,0.008559,0.008852,0.008207
69,2015-07-27,0.008559,0.008388,0.008638,0.00825
70,2015-07-28,0.008388,0.008328,0.008328,0.008089
71,2015-07-29,0.008328,0.008413,0.008533,0.008085
72,2015-07-30,0.008413,0.008214,0.008492,0.008205
73,2015-07-31,0.008214,0.008108,0.008428,0.007864
74,2015-08-01,0.008108,0.008216,0.008325,0.008027
75,2015-08-02,0.008216,0.008095,0.008346,0.008039
76,2015-08-03,0.008095,0.008253,0.008378,0.008154
77,2015-08-04,0.0082,0.0086,0.0086,0.0082
78,2015-08-05,0.008181,0.007831,0.008076,0.007784
79,2015-08-06,0.007831,0.008056,0.008109,0.007784
80,2015-08-07,0.008056,0.008306,0.00865,0.007375
81,2015-08-08,0.008306,0.008792,0.009014,0.008288
82,2015-08-09,0.0087,0.00918,0.00918,0.0087
83,2015-08-10,0.008531,0.008275,0.008932,0.008146
84,2015-08-11,0.008275,0.008065,0.008343,0.007861
85,2015-08-12,0.008065,0.008132,0.008404,0.007824
86,2015-08-13,0.008132,0.00833,0.008335,0.007871
87,2015-08-14,0.00833,0.008152,0.008245,0.007769
88,2015-08-15,0.008152,0.007963,0.008403,0.00759
89,2015-08-16,0.007963,0.008154,0.008215,0.007614
90,2015-08-17,0.008154,0.007947,0.008087,0.007673
91,2015-08-18,0.007947,0.007524,0.008529,0.007246
92,2015-08-19,0.007524,0.007774,0.007817,0.007415
93,2015-08-20,0.007774,0.007758,0.00796,0.007553
94,2015-08-21,0.007758,0.007595,0.007729,0.007582
95,2015-08-22,0.007595,0.007376,0.007505,0.007306
96,2015-08-23,0.007376,0.007129,0.00721,0.006863
97,2015-08-24,0.007129,0.007129,0.007718,0.006984
98,2015-08-25,0.007129,0.007269,0.007692,0.007091
99,2015-08-26,0.007269,0.007303,0.007417,0.007181
100,2015-08-27,0.007303,0.007461,0.007758,0.007412
101,2015-08-28,0.007461,0.007659,0.00773,0.007086
102,2015-08-29,0.007659,0.007763,0.007932,0.007617
103,2015-08-30,0.007763,0.00763,0.008029,0.007343
104,2015-08-31,0.00763,0.007779,0.007969,0.00752
105,2015-09-01,0.007779,0.007547,0.007895,0.007529
106,2015-09-02,0.007547,0.007514,0.007691,0.007442
107,2015-09-03,0.007514,0.007594,0.007865,0.007386
108,2015-09-04,0.007594,0.007452,0.008003,0.007419
109,2015-09-05,0.007452,0.007743,0.007839,0.007551
110,2015-09-06,0.007743,0.007664,0.00782,0.007573
111,2015-09-07,0.007664,0.007754,0.0081,0.007662
112,2015-09-08,0.007754,0.00749,0.007602,0.007376
113,2015-09-09,0.00749,0.007542,0.0077,0.007426
114,2015-09-10,0.0077,0.0079,0.0079,0.0077
115,2015-09-11,0.0079,0.00755,0.0079,0.00755
116,2015-09-12,0.007544,0.007573,0.007601,0.007302
117,2015-09-13,0.007573,0.007261,0.007824,0.007205
118,2015-09-14,0.007261,0.007416,0.007802,0.0072
119,2015-09-15,0.007416,0.007189,0.007544,0.007187
120,2015-09-16,0.007189,0.007282,0.007424,0.007261
121,2015-09-17,0.007282,0.007356,0.007505,0.007252
122,2015-09-18,0.007356,0.007278,0.007432,0.007067
123,2015-09-19,0.0077,0.0072,0.0077,0.0072
124,2015-09-20,0.0075,0.0076,0.0077,0.0075
125,2015-09-21,0.00715,0.007027,0.00736,0.007015
126,2015-09-22,0.007027,0.00651,0.007177,0.006402
127,2015-09-23,0.0068,0.0067,0.0068,0.0067
128,2015-09-24,0.006529,0.006658,0.006769,0.006513
129,2015-09-25,0.00661,0.006596,0.00661,0.006596
130,2015-09-26,0.00642,0.006415,0.006531,0.006305
131,2015-09-27,0.006415,0.006008,0.006705,0.005974
132,2015-09-28,0.0059,0.005526,0.006498,0.005526
133,2015-09-29,0.005172,0.005615,0.005773,0.004964
134,2015-09-30,0.005615,0.005395,0.005696,0.005263
135,2015-10-01,0.005395,0.005809,0.005937,0.005305
136,2015-10-02,0.005809,0.00527,0.005941,0.00527
137,2015-10-03,0.00527,0.005043,0.005432,0.004893
138,2015-10-04,0.005043,0.004885,0.005363,0.004808
139,2015-10-05,0.004885,0.005422,0.005715,0.004997
140,2015-10-06,0.00559,0.0055,0.0058,0.0055
141,2015-10-07,0.00511,0.004842,0.005162,0.004675
142,2015-10-08,0.0051,0.0055,0.00825,0.005
143,2015-10-09,0.005025,0.005008,0.005125,0.004917
144,2015-10-10,0.005008,0.005183,0.005275,0.00498
145,2015-10-11,0.005183,0.005258,0.005479,0.005062
146,2015-10-12,0.0055,0.0054,0.0056,0.0054
147,2015-10-13,0.005244,0.005312,0.005491,0.005185
148,2015-10-14,0.005312,0.005341,0.00546,0.005224
149,2015-10-15,0.005341,0.005313,0.005575,0.005192
150,2015-10-16,0.005412,0.005051,0.0056,0.005051
151,2015-10-17,0.005098,0.004961,0.00516,0.004715
152,2015-10-18,0.005027,0.005081,0.005527,0.005027
153,2015-10-19,0.005026,0.004645,0.005139,0.004559
154,2015-10-20,0.0048,0.0046,0.0048,0.0046
155,2015-10-21,0.0046,0.004492,0.0055,0.004492
156,2015-10-22,0.004764,0.004569,0.004899,0.00455
157,2015-10-23,0.004569,0.004642,0.004804,0.004631
158,2015-10-24,0.004642,0.004499,0.004764,0.004352
159,2015-10-25,0.004492,0.0051,0.0051,0.004492
160,2015-10-26,0.004554,0.004614,0.004871,0.004494
161,2015-10-27,0.004794,0.004445,0.004794,0.004445
162,2015-10-28,0.004445,0.004003,0.0055,0.004003
163,2015-10-29,0.004626,0.005249,0.00525,0.004626
164,2015-10-30,0.005249,0.005033,0.005249,0.005033
165,2015-10-31,0.004622,0.004844,0.005035,0.004702
166,2015-11-01,0.00475,0.0045,0.004905,0.0045
167,2015-11-02,0.00505,0.0051,0.00525,0.00505
168,2015-11-03,0.0048,0.0045,0.005527,0.0044
169,2015-11-04,0.0045,0.0041,0.0055,0.0041
170,2015-11-05,0.004278,0.004415,0.004578,0.004204
171,2015-11-06,0.004,0.00445,0.00445,0.004
172,2015-11-07,0.00445,0.004,0.0045,0.004
173,2015-11-08,0.004537,0.004449,0.004707,0.004407
174,2015-11-09,0.00435,0.00435,0.00435,0.00435
175,2015-11-10,0.004,0.0047,0.0047,0.004
176,2015-11-11,0.0047,0.005,0.005,0.0047
177,2015-11-12,0.00436,0.00434,0.004469,0.00429
178,2015-11-13,0.0048,0.0048,0.0048,0.0048
179,2015-11-14,0.004315,0.004172,0.004498,0.004139
180,2015-11-15,0.004172,0.004308,0.00432,0.004134
181,2015-11-16,0.0044,0.0044,0.0044,0.0044
182,2015-11-17,0.0043,0.0041,0.004397,0.0041
183,2015-11-18,0.004223,0.004173,0.004231,0.00403
184,2015-11-19,0.004173,0.004203,0.004457,0.004104
185,2015-11-20,0.004267,0.004058,0.004273,0.004058
186,2015-11-21,0.004298,0.004327,0.004327,0.004298
187,2015-11-22,0.00425,0.004397,0.004397,0.004238
188,2015-11-23,0.004242,0.004263,0.004301,0.004059
189,2015-11-24,0.004263,0.004294,0.004385,0.004212
190,2015-11-25,0.0042,0.004066,0.00437,0.004066
191,2015-11-26,0.004188,0.004192,0.004314,0.00416
192,2015-11-27,0.004,0.004,0.004,0.004
193,2015-11-28,0.004306,0.004291,0.004487,0.004183
194,2015-11-29,0.004,0.004,0.004395,0.004
195,2015-11-30,0.0039,0.00402,0.004104,0.0039
196,2015-12-01,0.00402,0.00415,0.00415,0.0038
197,2015-12-02,0.00415,0.0041,0.00425,0.004
198,2015-12-03,0.004101,0.004799,0.004799,0.004101
199,2015-12-04,0.004799,0.00425,0.004799,0.00425
200,2015-12-05,0.00425,0.00475,0.004799,0.00425
201,2015-12-06,0.00475,0.0045,0.004951,0.0045
202,2015-12-07,0.0045,0.00624,0.00624,0.0045
203,2015-12-08,0.00624,0.00735,0.00825,0.005831
204,2015-12-09,0.00735,0.006498,0.009998,0.0045
205,2015-12-10,0.006498,0.006,0.007,0.006
206,2015-12-11,0.006997,0.006131,0.006997,0.006088
207,2015-12-12,0.008222,0.008546,0.009076,0.008163
208,2015-12-13,0.0059,0.0058,0.006997,0.0058
209,2015-12-14,0.0058,0.00475,0.0061,0.00475
210,2015-12-15,0.00425,0.006,0.006,0.00425
211,2015-12-16,0.0058,0.0056,0.0058,0.0056
212,2015-12-17,0.00559,0.0054,0.00559,0.0049
213,2015-12-18,0.006225,0.00612,0.006448,0.006102
214,2015-12-19,0.005,0.0049,0.005,0.0049
215,2015-12-20,0.005,0.005108,0.005108,0.0048
216,2015-12-21,0.005108,0.0056,0.0056,0.004716
217,2015-12-22,0.005194,0.0056,0.0056,0.005041
218,2015-12-23,0.005858,0.005957,0.006142,0.005857
219,2015-12-24,0.00588,0.006694,0.006694,0.00588
220,2015-12-25,0.0057,0.0058,0.0058,0.005
221,2015-12-26,0.006106,0.006378,0.006517,0.006074
222,2015-12-27,0.0051,0.0049,0.0051,0.0049
223,2015-12-28,0.00628,0.006043,0.006574,0.005986
224,2015-12-29,0.005255,0.00535,0.00535,0.005162
225,2015-12-30,0.00535,0.005205,0.00535,0.0051
226,2015-12-31,0.005916,0.005894,0.006032,0.005885
227,2016-01-01,0.005132,0.005125,0.005132,0.005
228,2016-01-02,0.006102,0.005922,0.006107,0.005922
229,2016-01-03,0.005922,0.005962,0.006092,0.005915
230,2016-01-04,0.005962,0.006015,0.00608,0.00586
231,2016-01-05,0.005,0.005,0.0055,0.005
232,2016-01-06,0.005,0.005,0.00564,0.005
233,2016-01-07,0.005,0.005,0.0056,0.005
234,2016-01-08,0.005819,0.00594,0.006474,0.005806
235,2016-01-09,0.00594,0.005921,0.006059,0.005872
236,2016-01-10,0.005921,0.005874,0.005964,0.005807
237,2016-01-11,0.005874,0.005812,0.005955,0.005732
238,2016-01-12,0.005812,0.005726,0.005882,0.005592
239,2016-01-13,0.00505,0.00479,0.00505,0.00401
240,2016-01-14,0.00479,0.00505,0.00505,0.00479
241,2016-01-15,0.005134,0.004892,0.005134,0.004653
242,2016-01-16,0.004892,0.004917,0.004917,0.004889
243,2016-01-17,0.00527,0.005232,0.005505,0.005182
244,2016-01-18,0.00511,0.005245,0.00528,0.00511
245,2016-01-19,0.005245,0.005433,0.005433,0.005245
246,2016-01-20,0.005433,0.005241,0.005616,0.005241
247,2016-01-21,0.005241,0.005231,0.005241,0.00499
248,2016-01-22,0.005231,0.00512,0.005233,0.00512
249,2016-01-23,0.00512,0.005122,0.005197,0.00499
250,2016-01-24,0.005122,0.0051,0.005122,0.0051
251,2016-01-25,0.0051,0.005653,0.005653,0.005
252,2016-01-26,0.005653,0.006511,0.006952,0.005653
253,2016-01-27,0.006511,0.005795,0.006847,0.005766
254,2016-01-28,0.005795,0.00692,0.00785,0.005795
255,2016-01-29,0.00692,0.00633,0.00785,0.006205
256,2016-01-30,0.00633,0.006154,0.0066,0.005784
257,2016-01-31,0.006154,0.006697,0.006697,0.0053
258,2016-02-01,0.006697,0.006989,0.006989,0.006472
259,2016-02-02,0.006989,0.006623,0.006989,0.006623
260,2016-02-03,0.006838,0.006879,0.007254,0.006743
261,2016-02-04,0.006633,0.0079,0.0079,0.006586
262,2016-02-05,0.0079,0.008,0.008,0.0079
263,2016-02-06,0.008,0.007644,0.009086,0.007644
264,2016-02-07,0.008122,0.008122,0.008122,0.008122
265,2016-02-08,0.008122,0.007361,0.1,0.007361
266,2016-02-09,0.007361,0.007388,0.008191,0.007361
267,2016-02-10,0.007388,0.008191,0.008191,0.007359
268,2016-02-11,0.008191,0.00794,0.008204,0.006386
269,2016-02-12,0.00794,0.00844,0.00845,0.00766
270,2016-02-13,0.00844,0.00821,0.008991,0.008202
271,2016-02-14,0.00821,0.00835,0.0088,0.00821
272,2016-02-15,0.00835,0.00811,0.00875,0.00811
273,2016-02-16,0.00811,0.007456,0.008635,0.007327
274,2016-02-17,0.007456,0.00844,0.00844,0.007421
275,2016-02-18,0.00844,0.008479,0.008482,0.00773
276,2016-02-19,0.008479,0.007896,0.008479,0.007896
277,2016-02-20,0.007896,0.008312,0.0084,0.007896
278,2016-02-21,0.008312,0.00831,0.008312,0.00765
279,2016-02-22,0.00831,0.00815,0.00831,0.00815
280,2016-02-23,0.00815,0.00785,0.00815,0.00785
281,2016-02-24,0.00785,0.008234,0.008234,0.007549
282,2016-02-25,0.008234,0.008225,0.008234,0.00798
283,2016-02-26,0.008225,0.0078,0.008225,0.0078
284,2016-02-27,0.007906,0.007793,0.008031,0.007676
285,2016-02-28,0.008155,0.0081,0.008155,0.007601
286,2016-02-29,0.0081,0.008278,0.00828,0.0078
287,2016-03-01,0.008278,0.008094,0.008278,0.007827
288,2016-03-02,0.008094,0.007902,0.00822,0.00782
289,2016-03-03,0.007902,0.007938,0.008457,0.0079
290,2016-03-04,0.007938,0.007342,0.008446,0.007342
291,2016-03-05,0.007342,0.00755,0.008085,0.007162
292,2016-03-06,0.00755,0.007672,0.007943,0.00755
293,2016-03-07,0.007672,0.0078,0.007959,0.007645
294,2016-03-08,0.0078,0.0081,0.008479,0.007654
295,2016-03-09,0.0081,0.008201,0.008633,0.007997
296,2016-03-10,0.008201,0.009218,0.009694,0.008201
297,2016-03-11,0.009218,0.00814,0.009218,0.0081
298,2016-03-12,0.00814,0.008182,0.008891,0.008103
299,2016-03-13,0.008182,0.0083,0.008871,0.0081
300,2016-03-14,0.0083,0.00787,0.008375,0.007201
301,2016-03-15,0.00787,0.008193,0.008355,0.00787
302,2016-03-16,0.008193,0.0081,0.008419,0.0079
303,2016-03-17,0.0081,0.008282,0.008416,0.0079
304,2016-03-18,0.008282,0.00782,0.008282,0.00782
305,2016-03-19,0.00782,0.00778,0.008128,0.00778
306,2016-03-20,0.00778,0.00792,0.008128,0.00778
307,2016-03-21,0.00792,0.007915,0.00813,0.007905
308,2016-03-22,0.007915,0.008381,0.008511,0.007915
309,2016-03-23,0.008381,0.008421,0.008445,0.008065
310,2016-03-24,0.008421,0.008212,0.008421,0.008
311,2016-03-25,0.008212,0.008128,0.008212,0.008004
312,2016-03-26,0.008128,0.007863,0.008128,0.007863
313,2016-03-27,0.007863,0.007329,0.008122,0.00715
314,2016-03-28,0.007329,0.0075,0.007851,0.0072
315,2016-03-29,0.0075,0.007105,0.007849,0.006901
316,2016-03-30,0.007359,0.007395,0.007579,0.007359
317,2016-03-31,0.007311,0.0075,0.0075,0.007071
318,2016-04-01,0.0075,0.00757,0.00757,0.007222
319,2016-04-02,0.00757,0.007478,0.007595,0.00735
320,2016-04-03,0.007478,0.0074,0.007595,0.0074
321,2016-04-04,0.0074,0.007301,0.007474,0.0073
322,2016-04-05,0.007301,0.007304,0.007397,0.007153
323,2016-04-06,0.007304,0.006828,0.007304,0.00671
324,2016-04-07,0.006828,0.006541,0.00687,0.006541
325,2016-04-08,0.006541,0.006222,0.00686,0.006
326,2016-04-09,0.006222,0.0061,0.006249,0.00568
327,2016-04-10,0.0061,0.00623,0.006493,0.005856
328,2016-04-11,0.00623,0.005995,0.006366,0.005701
329,2016-04-12,0.005995,0.005943,0.005995,0.00557
330,2016-04-13,0.005943,0.006367,0.006367,0.005573
331,2016-04-14,0.006367,0.006544,0.006544,0.006089
332,2016-04-15,0.006544,0.006549,0.006549,0.0065
333,2016-04-16,0.006549,0.006635,0.006635,0.006184
334,2016-04-17,0.006635,0.006711,0.007195,0.00644
335,2016-04-18,0.006711,0.007038,0.007213,0.006711
336,2016-04-19,0.007038,0.006951,0.007562,0.006869
337,2016-04-20,0.006951,0.0073,0.00776,0.006951
338,2016-04-21,0.0073,0.007357,0.007489,0.006932
339,2016-04-22,0.007357,0.007357,0.007473,0.007357
340,2016-04-23,0.007357,0.007225,0.007469,0.007037
341,2016-04-24,0.007225,0.007274,0.007428,0.007196
342,2016-04-25,0.007274,0.00693,0.007274,0.00693
343,2016-04-26,0.00693,0.006614,0.006998,0.006614
344,2016-04-27,0.006614,0.006735,0.006735,0.006424
345,2016-04-28,0.006735,0.006858,0.006858,0.006683
346,2016-04-29,0.006802,0.006746,0.006871,0.006499
347,2016-04-30,0.006746,0.00672,0.006955,0.006698
348,2016-05-01,0.006583,0.006686,0.00672,0.00647
349,2016-05-02,0.006686,0.006455,0.006687,0.006455
350,2016-05-03,0.006455,0.006262,0.006587,0.006161
351,2016-05-04,0.006262,0.006116,0.006262,0.006105
352,2016-05-05,0.006116,0.006302,0.00653,0.006116
353,2016-05-06,0.006302,0.006344,0.00653,0.006302
354,2016-05-07,0.006344,0.006303,0.006524,0.006303
355,2016-05-08,0.006303,0.0064,0.006406,0.006303
356,2016-05-09,0.0064,0.006295,0.0064,0.00621
357,2016-05-10,0.006295,0.006089,0.006295,0.006089
358,2016-05-11,0.006089,0.006125,0.006231,0.006036
359,2016-05-12,0.006125,0.006101,0.006198,0.006
360,2016-05-13,0.00591,0.006049,0.006049,0.00571
361,2016-05-14,0.006049,0.006091,0.006091,0.005821
362,2016-05-15,0.006091,0.006091,0.006091,0.006091
363,2016-05-16,0.006091,0.005991,0.006099,0.0058
364,2016-05-17,0.005991,0.005764,0.006088,0.005764
365,2016-05-18,0.005764,0.006185,0.006188,0.005764
366,2016-05-19,0.006185,0.006095,0.006186,0.005749
367,2016-05-20,0.006095,0.00595,0.006095,0.005724
368,2016-05-21,0.00595,0.00594,0.00595,0.0057
369,2016-05-22,0.00594,0.005751,0.00595,0.005676
370,2016-05-23,0.005751,0.0058,0.00594,0.005751
371,2016-05-24,0.0058,0.00555,0.005896,0.00555
372,2016-05-25,0.00555,0.0057,0.0057,0.00543
373,2016-05-26,0.0057,0.00549,0.0058,0.00549
374,2016-05-27,0.00549,0.004853,0.005595,0.004853
375,2016-05-28,0.004853,0.005613,0.006198,0.00485
376,2016-05-29,0.005613,0.005799,0.005799,0.005406
377,2016-05-30,0.005799,0.00557,0.005799,0.00557
378,2016-05-31,0.00557,0.00579,0.00579,0.0055
379,2016-06-01,0.00579,0.005774,0.005818,0.00562
380,2016-06-02,0.005774,0.005849,0.005858,0.00565
381,2016-06-03,0.005849,0.005895,0.00594,0.0057
382,2016-06-04,0.005895,0.005799,0.005895,0.005513
383,2016-06-05,0.005799,0.005898,0.0059,0.0056
384,2016-06-06,0.005898,0.00578,0.005898,0.0056
385,2016-06-07,0.00578,0.005738,0.0058,0.005575
386,2016-06-08,0.005738,0.005672,0.005789,0.005671
387,2016-06-09,0.005672,0.00569,0.005728,0.005614
388,2016-06-10,0.005739,0.00569,0.005779,0.00569
389,2016-06-11,0.00569,0.005599,0.005779,0.005426
390,2016-06-12,0.005599,0.005814,0.005814,0.005467
391,2016-06-13,0.005814,0.0073,0.02,0.00557
392,2016-06-14,0.0073,0.0066,0.008,0.0065
393,2016-06-15,0.0066,0.006587,0.006942,0.006303
394,2016-06-16,0.006587,0.006649,0.007,0.00625
395,2016-06-17,0.006649,0.006507,0.006845,0.00622
396,2016-06-18,0.006507,0.007238,0.0083,0.006351
397,2016-06-19,0.007238,0.00649,0.007238,0.0064
398,2016-06-20,0.00649,0.005804,0.006587,0.005803
399,2016-06-21,0.005804,0.0068,0.009991,0.005781
400,2016-06-22,0.0068,0.006295,0.007137,0.006092
401,2016-06-23,0.006295,0.00665,0.006724,0.006249
402,2016-06-24,0.00665,0.006479,0.00665,0.006314
403,2016-06-25,0.006479,0.0065,0.00658,0.0063
404,2016-06-26,0.0065,0.0063,0.00665,0.0063
405,2016-06-27,0.0063,0.007246,0.0075,0.006263
406,2016-06-28,0.007246,0.006957,0.007246,0.00638
407,2016-06-29,0.006957,0.0066,0.006957,0.0065
408,2016-06-30,0.0066,0.00678,0.0072,0.006506
409,2016-07-01,0.00678,0.00661,0.007142,0.006484
410,2016-07-02,0.00661,0.006789,0.00704,0.00655
411,2016-07-03,0.006789,0.006554,0.00692,0.00611
412,2016-07-04,0.006554,0.006432,0.006818,0.006432
413,2016-07-05,0.006432,0.00652,0.006765,0.00632
414,2016-07-06,0.00652,0.00661,0.00661,0.00612
415,2016-07-07,0.00661,0.006706,0.006706,0.006204
416,2016-07-08,0.006706,0.006549,0.006706,0.006162
417,2016-07-09,0.006549,0.00644,0.006576,0.006251
418,2016-07-10,0.00644,0.00624,0.006551,0.00624
419,2016-07-11,0.00624,0.006496,0.00655,0.0062
420,2016-07-12,0.006496,0.0065,0.0065,0.00625
421,2016-07-13,0.0065,0.006458,0.0065,0.006312
422,2016-07-14,0.006458,0.006531,0.006538,0.006356
423,2016-07-15,0.006531,0.006707,0.006825,0.006506
424,2016-07-16,0.006707,0.006732,0.006881,0.006479
425,2016-07-17,0.006732,0.0065,0.006734,0.0065
426,2016-07-18,0.0065,0.006443,0.006606,0.006419
427,2016-07-19,0.006443,0.0064,0.006539,0.006277
428,2016-07-20,0.0064,0.006492,0.006492,0.0064
429,2016-07-21,0.006492,0.006242,0.006528,0.00622
430,2016-07-22,0.006242,0.0064,0.006419,0.0062
431,2016-07-23,0.0064,0.006286,0.0065,0.0061
432,2016-07-24,0.006286,0.006243,0.0063,0.006055
433,2016-07-25,0.006243,0.005795,0.0065,0.005751
434,2016-07-26,0.005795,0.005952,0.006111,0.005776
435,2016-07-27,0.005952,0.006008,0.00615,0.005801
436,2016-07-28,0.006008,0.0062,0.0062,0.0058
437,2016-07-29,0.0062,0.0062,0.0062,0.005913
438,2016-07-30,0.0062,0.006,0.0062,0.0058
439,2016-07-31,0.006,0.005742,0.006,0.005742
440,2016-08-01,0.005742,0.005695,0.00595,0.0048
441,2016-08-02,0.005695,0.00562,0.00585,0.005092
442,2016-08-03,0.00562,0.006117,0.00645,0.005318
443,2016-08-04,0.006117,0.0059,0.006117,0.00575
444,2016-08-05,0.0059,0.0063,0.006881,0.0059
445,2016-08-06,0.0063,0.0062,0.006503,0.00605
446,2016-08-07,0.0062,0.006,0.006405,0.006
447,2016-08-08,0.006,0.00625,0.006561,0.00593
448,2016-08-09,0.00625,0.00624,0.0065,0.00614
449,2016-08-10,0.00624,0.006106,0.0063,0.0061
450,2016-08-11,0.006106,0.00605,0.0063,0.00604
451,2016-08-12,0.00605,0.00618,0.006226,0.006
452,2016-08-13,0.00618,0.005944,0.00624,0.005
453,2016-08-14,0.005944,0.0062,0.0062,0.005852
454,2016-08-15,0.0062,0.00615,0.006328,0.005806
455,2016-08-16,0.00615,0.0061,0.006211,0.005948
456,2016-08-17,0.0061,0.005907,0.00615,0.005906
457,2016-08-18,0.005907,0.006065,0.006438,0.005907
458,2016-08-19,0.006065,0.006204,0.006237,0.00605
459,2016-08-20,0.006204,0.00604,0.006204,0.005907
460,2016-08-21,0.00604,0.005652,0.006126,0.005619
461,2016-08-22,0.005652,0.00575,0.006126,0.005652
462,2016-08-23,0.00575,0.006149,0.006172,0.00575
463,2016-08-24,0.006149,0.0062,0.00625,0.00595
464,2016-08-25,0.0062,0.005908,0.0062,0.0059
465,2016-08-26,0.005908,0.0059,0.00609,0.0059
466,2016-08-27,0.0059,0.006057,0.00617,0.00585
467,2016-08-28,0.006057,0.0065,0.0065,0.00585
468,2016-08-29,0.0065,0.006,0.0067,0.0059
469,2016-08-30,0.006,0.006,0.0061,0.005895
470,2016-08-31,0.006,0.005948,0.00603,0.005901
471,2016-09-01,0.005948,0.006023,0.00605,0.005901
472,2016-09-02,0.006023,0.00603,0.006242,0.00585
473,2016-09-03,0.00603,0.005947,0.006158,0.00585
474,2016-09-04,0.005947,0.005926,0.006083,0.00585
475,2016-09-05,0.005926,0.005965,0.006051,0.005867
476,2016-09-06,0.005965,0.005883,0.005991,0.005855
477,2016-09-07,0.005883,0.00594,0.0061,0.005855
478,2016-09-08,0.00594,0.00603,0.00603,0.00585
479,2016-09-09,0.00603,0.005917,0.00603,0.005853
480,2016-09-10,0.005917,0.005825,0.00599,0.00581
481,2016-09-11,0.005825,0.005899,0.0061,0.005794
482,2016-09-12,0.005899,0.005917,0.006035,0.005825
483,2016-09-13,0.005917,0.006058,0.006479,0.00591
484,2016-09-14,0.006058,0.0091,0.0115,0.006058
485,2016-09-15,0.0091,0.0072,0.00913,0.006765
486,2016-09-16,0.0072,0.007078,0.007466,0.00695
487,2016-09-17,0.007078,0.006999,0.007078,0.006731
488,2016-09-18,0.006999,0.006958,0.007465,0.006743
489,2016-09-19,0.006958,0.006825,0.006958,0.0067
490,2016-09-20,0.006825,0.006805,0.00715,0.006643
491,2016-09-21,0.006805,0.006848,0.007058,0.00676
492,2016-09-22,0.006848,0.0074,0.00745,0.006736
493,2016-09-23,0.0074,0.0075,0.0075,0.007219
494,2016-09-24,0.0075,0.008166,0.008176,0.0072
495,2016-09-25,0.008166,0.0077,0.0089,0.007688
496,2016-09-26,0.0077,0.008405,0.008543,0.007646
497,2016-09-27,0.008405,0.008668,0.009255,0.008196
498,2016-09-28,0.008668,0.009097,0.00936,0.008668
499,2016-09-29,0.009097,0.0086,0.009496,0.008559
500,2016-09-30,0.0086,0.007982,0.008855,0.00788
501,2016-10-01,0.007982,0.00795,0.008401,0.00795
502,2016-10-02,0.00795,0.008169,0.0084,0.00795
503,2016-10-03,0.008169,0.0078,0.008177,0.0078
504,2016-10-04,0.0078,0.007256,0.008011,0.007256
505,2016-10-05,0.007256,0.007496,0.007649,0.007088
506,2016-10-06,0.007496,0.007366,0.0078,0.00725
507,2016-10-07,0.007366,0.007446,0.007449,0.007149
508,2016-10-08,0.007446,0.00745,0.0078,0.007327
509,2016-10-09,0.00745,0.008064,0.009,0.00745
510,2016-10-10,0.008064,0.007814,0.00859,0.007641
511,2016-10-11,0.007814,0.007921,0.008234,0.007686
512,2016-10-12,0.007921,0.007981,0.007981,0.007635
513,2016-10-13,0.007981,0.00812,0.00832,0.007836
514,2016-10-14,0.00812,0.007999,0.0084,0.007999
515,2016-10-15,0.007999,0.00803,0.008176,0.007956
516,2016-10-16,0.00803,0.00808,0.008326,0.007899
517,2016-10-17,0.00808,0.0084,0.008438,0.008
518,2016-10-18,0.0084,0.008571,0.008785,0.00835
519,2016-10-19,0.008571,0.0092,0.00935,0.008571
520,2016-10-20,0.0092,0.009098,0.0093,0.008662
521,2016-10-21,0.009098,0.00888,0.009098,0.008765
522,2016-10-22,0.00888,0.008903,0.00915,0.008788
523,2016-10-23,0.008903,0.00886,0.00949,0.00886
524,2016-10-24,0.00886,0.008902,0.009211,0.0088
525,2016-10-25,0.008902,0.008774,0.008994,0.00865
526,2016-10-26,0.008774,0.00829,0.008778,0.008063
527,2016-10-27,0.00829,0.0078,0.0085,0.007711
528,2016-10-28,0.0078,0.007732,0.00809,0.00725
529,2016-10-29,0.007732,0.008023,0.008436,0.00759
530,2016-10-30,0.008023,0.007979,0.008415,0.007905
531,2016-10-31,0.007979,0.008028,0.0084,0.007836
532,2016-11-01,0.008028,0.008225,0.008361,0.007906
533,2016-11-02,0.008225,0.008145,0.008436,0.008
534,2016-11-03,0.008145,0.0082,0.008288,0.00808
535,2016-11-04,0.0082,0.00821,0.008316,0.008147
536,2016-11-05,0.00821,0.00807,0.00835,0.00807
537,2016-11-06,0.00807,0.00826,0.0083,0.008011
538,2016-11-07,0.00826,0.008263,0.008482,0.00802
539,2016-11-08,0.008263,0.008179,0.008354,0.00775
540,2016-11-09,0.008179,0.008153,0.008267,0.008048
541,2016-11-10,0.008153,0.008021,0.008193,0.007868
542,2016-11-11,0.008021,0.008109,0.008267,0.00798
543,2016-11-12,0.008109,0.008028,0.008148,0.007901
544,2016-11-13,0.008028,0.008079,0.00815,0.00792
545,2016-11-14,0.0079,0.00771,0.008013,0.00771
546,2016-11-15,0.00771,0.0077,0.008151,0.0076
547,2016-11-16,0.0077,0.007809,0.0079,0.007601
548,2016-11-17,0.007809,0.0078,0.007809,0.0076
549,2016-11-18,0.0078,0.007689,0.0078,0.0076
550,2016-11-19,0.007689,0.00765,0.007689,0.0073
551,2016-11-20,0.00765,0.0074,0.007656,0.0074
552,2016-11-21,0.0074,0.007378,0.00757,0.007201
553,2016-11-22,0.007378,0.007045,0.0074,0.006857
554,2016-11-23,0.007045,0.00687,0.007137,0.00675
555,2016-11-24,0.00687,0.006819,0.006971,0.00677
556,2016-11-25,0.006819,0.006971,0.006971,0.00675
557,2016-11-26,0.006971,0.006845,0.00704,0.00678
558,2016-11-27,0.006845,0.006761,0.00704,0.006761
559,2016-11-28,0.006761,0.00672,0.00687,0.00672
560,2016-11-29,0.00672,0.006795,0.00686,0.006507
561,2016-11-30,0.006795,0.006604,0.00704,0.006542
562,2016-12-01,0.006604,0.006558,0.006704,0.006439
563,2016-12-02,0.006558,0.006656,0.006689,0.006529
564,2016-12-03,0.006656,0.006423,0.006656,0.006423
565,2016-12-04,0.006423,0.006304,0.006566,0.006304
566,2016-12-05,0.006304,0.0067,0.0067,0.006304
567,2016-12-06,0.0067,0.007,0.0071,0.006447
568,2016-12-07,0.007,0.006996,0.00729,0.006813
569,2016-12-08,0.006996,0.006931,0.007243,0.0068
570,2016-12-09,0.006931,0.006742,0.006945,0.00666
571,2016-12-10,0.006742,0.006766,0.006791,0.0066
572,2016-12-11,0.006766,0.0067,0.006815,0.0067
573,2016-12-12,0.0067,0.006689,0.006823,0.006562
574,2016-12-13,0.006689,0.006788,0.006828,0.00656
575,2016-12-14,0.006788,0.006634,0.006788,0.006538
576,2016-12-15,0.006634,0.006694,0.006853,0.006495
577,2016-12-16,0.006694,0.00649,0.006694,0.006454
578,2016-12-17,0.00649,0.0065,0.006658,0.006454
579,2016-12-18,0.0065,0.00645,0.006623,0.00645
580,2016-12-19,0.00645,0.006538,0.006615,0.00638
581,2016-12-20,0.006538,0.006559,0.006582,0.00627
582,2016-12-21,0.006559,0.006376,0.006559,0.0061
583,2016-12-22,0.006376,0.006086,0.006547,0.005962
584,2016-12-23,0.006086,0.006438,0.006455,0.00603
585,2016-12-24,0.006438,0.00631,0.00655,0.00631
586,2016-12-25,0.00631,0.00625,0.00662,0.006138
587,2016-12-26,0.00625,0.006135,0.006438,0.00605
588,2016-12-27,0.006135,0.006243,0.0063,0.006096
589,2016-12-28,0.006243,0.006474,0.006863,0.006165
590,2016-12-29,0.006474,0.006415,0.006595,0.006336
591,2016-12-30,0.006415,0.006511,0.006742,0.006206
592,2016-12-31,0.006511,0.006346,0.006597,0.006259
593,2017-01-01,0.006346,0.006312,0.006418,0.006207
594,2017-01-02,0.006312,0.006411,0.006569,0.00622
595,2017-01-03,0.006411,0.00641,0.00684,0.006374
596,2017-01-04,0.00641,0.006276,0.006889,0.00565
597,2017-01-05,0.006276,0.006222,0.006497,0.005995
598,2017-01-06,0.006222,0.006363,0.006457,0.00605
599,2017-01-07,0.006363,0.006251,0.006457,0.00624
600,2017-01-08,0.006251,0.006176,0.006339,0.006124
601,2017-01-09,0.006176,0.006815,0.007138,0.006176
602,2017-01-10,0.006815,0.006543,0.0069,0.00625
603,2017-01-11,0.006543,0.006359,0.007088,0.0063
604,2017-01-12,0.006359,0.006669,0.006707,0.0063
605,2017-01-13,0.006669,0.006795,0.007,0.006588
606,2017-01-14,0.006795,0.00681,0.006907,0.0067
607,2017-01-15,0.00681,0.00678,0.00689,0.0067
608,2017-01-16,0.0071,0.00683,0.0071,0.00668
609,2017-01-17,0.00683,0.0068,0.00719,0.00664
610,2017-01-18,0.0068,0.00684,0.00688,0.0065
611,2017-01-19,0.00684,0.0066,0.00685,0.0064
612,2017-01-20,0.0066,0.00684,0.00684,0.00652
613,2017-01-21,0.00684,0.00678,0.00683,0.00669
614,2017-01-22,0.00678,0.00669,0.00682,0.00659
615,2017-01-23,0.00669,0.0065,0.00674,0.0065
616,2017-01-24,0.0065,0.00649,0.0065,0.00643
617,2017-01-25,0.00649,0.0063,0.00676,0.00616
618,2017-01-26,0.0063,0.00636,0.0065,0.003
619,2017-01-27,0.00636,0.00639,0.0064,0.0063
620,2017-01-28,0.00639,0.00631,0.00637,0.00631
621,2017-01-29,0.00631,0.00645,0.0065,0.00635
622,2017-01-30,0.00645,0.00641,0.0065,0.00618
623,2017-01-31,0.00641,0.00649,0.0066,0.00623
624,2017-02-01,0.00649,0.0064,0.00661,0.0064
625,2017-02-02,0.0064,0.00638,0.00649,0.00624
626,2017-02-03,0.00638,0.00644,0.00647,0.00635
627,2017-02-04,0.00644,0.00629,0.00648,0.00628
628,2017-02-05,0.00629,0.00638,0.00644,0.00627
629,2017-02-06,0.00638,0.00641,0.00647,0.00626
630,2017-02-07,0.00641,0.00635,0.00648,0.00608
631,2017-02-08,0.00635,0.00628,0.00643,0.00609
632,2017-02-09,0.00628,0.00631,0.00635,0.00595
633,2017-02-10,0.00631,0.00638,0.0064,0.00627
634,2017-02-11,0.00638,0.00627,0.0064,0.00627
635,2017-02-12,0.00627,0.00624,0.00635,0.0062
636,2017-02-13,0.00624,0.00622,0.00638,0.00621
637,2017-02-14,0.00622,0.0061,0.00627,0.0058
638,2017-02-15,0.0061,0.00593,0.00636,0.005
639,2017-02-16,0.00593,0.00587,0.00611,0.00546
640,2017-02-17,0.00587,0.00554,0.006,0.005
641,2017-02-18,0.00554,0.00591,0.00591,0.00551
642,2017-02-19,0.00591,0.00596,0.00597,0.00566
643,2017-02-20,0.00596,0.00585,0.00596,0.00571
644,2017-02-21,0.00585,0.00583,0.00595,0.00581
645,2017-02-22,0.00583,0.00585,0.00594,0.00574
646,2017-02-23,0.00585,0.0056,0.00595,0.0055
647,2017-02-24,0.0056,0.00563,0.00583,0.0056
648,2017-02-25,0.00563,0.0057,0.0057,0.00562
649,2017-02-26,0.0057,0.00556,0.0057,0.00556
650,2017-02-27,0.00556,0.00557,0.0057,0.00531
651,2017-02-28,0.00557,0.00539,0.00558,0.00525
652,2017-03-01,0.00539,0.00606,0.00635,0.00531
653,2017-03-02,0.00606,0.00649,0.00651,0.00592
654,2017-03-03,0.00649,0.0062,0.00668,0.0062
655,2017-03-04,0.0062,0.00604,0.0063,0.00601
656,2017-03-05,0.00604,0.00604,0.00618,0.00599
657,2017-03-06,0.00604,0.00673,0.00687,0.00589
658,2017-03-07,0.00673,0.0065,0.00692,0.00644
659,2017-03-08,0.0065,0.00648,0.0066,0.00632
660,2017-03-09,0.00648,0.00617,0.00669,0.0058
661,2017-03-10,0.00617,0.00625,0.00642,0.00606
662,2017-03-11,0.00625,0.00632,0.00634,0.00602
663,2017-03-12,0.00632,0.00644,0.00648,0.00615
664,2017-03-13,0.00644,0.00639,0.00644,0.00626
665,2017-03-14,0.00639,0.00625,0.00642,0.00625
666,2017-03-15,0.00625,0.0063,0.00636,0.00601
667,2017-03-16,0.0063,0.00597,0.00634,0.00576
668,2017-03-17,0.00597,0.00688,0.00731,0.00597
669,2017-03-18,0.00688,0.00669,0.0072,0.00642
670,2017-03-19,0.00669,0.0069,0.00705,0.00645
671,2017-03-20,0.0069,0.00682,0.00705,0.00663
672,2017-03-21,0.00682,0.00719,0.00758,0.00679
673,2017-03-22,0.00719,0.011,0.011,0.00719
674,2017-03-23,0.011,0.01062,0.01182,0.00815
675,2017-03-24,0.01062,0.00888,0.01084,0.00879
676,2017-03-25,0.00888,0.00937,0.00982,0.00888
677,2017-03-26,0.00937,0.00943,0.01025,0.009
678,2017-03-27,0.00943,0.00955,0.00965,0.00906
679,2017-03-28,0.00955,0.01015,0.01015,0.00946
680,2017-03-29,0.01015,0.01383,0.0147,0.01015
681,2017-03-30,0.01383,0.0214,0.02254,0.01315
682,2017-03-31,0.0214,0.022,0.02323,0.01968
683,2017-04-01,0.022,0.0615,0.0695,0.0075
684,2017-04-02,0.0615,0.03201,0.062,0.025
685,2017-04-03,0.03201,0.03787,0.0429,0.0269
686,2017-04-04,0.03787,0.03559,0.04108,0.035
687,2017-04-05,0.03559,0.0332,0.03728,0.029
688,2017-04-06,0.0332,0.03715,0.03873,0.03086
689,2017-04-07,0.03715,0.03575,0.0378,0.03515
690,2017-04-08,0.03575,0.03421,0.03578,0.03251
691,2017-04-09,0.03421,0.03404,0.0359,0.0332
692,2017-04-10,0.03404,0.03316,0.03513,0.032
693,2017-04-11,0.03316,0.03455,0.0356,0.0322
694,2017-04-12,0.03455,0.03422,0.03562,0.0337
695,2017-04-13,0.03422,0.03348,0.03525,0.033
696,2017-04-14,0.03348,0.03381,0.03451,0.03315
697,2017-04-15,0.03381,0.03306,0.03395,0.03251
698,2017-04-16,0.03306,0.03333,0.03386,0.03246
699,2017-04-17,0.03333,0.03281,0.03419,0.0322
700,2017-04-18,0.03281,0.03035,0.03319,0.02816
701,2017-04-19,0.03035,0.02999,0.03104,0.02643
702,2017-04-20,0.02999,0.03355,0.0347,0.02945
703,2017-04-21,0.03355,0.0316,0.03401,0.03033
704,2017-04-22,0.0316,0.03141,0.03214,0.03102
705,2017-04-23,0.03141,0.03151,0.032,0.0309
706,2017-04-24,0.03151,0.03224,0.03421,0.03108
707,2017-04-25,0.03224,0.03275,0.03392,0.03224
708,2017-04-26,0.03275,0.03523,0.0368,0.03225
709,2017-04-27,0.03523,0.045,0.04612,0.03487
710,2017-04-28,0.045,0.05383,0.05952,0.04499
711,2017-04-29,0.05383,0.05218,0.05499,0.04902
712,2017-04-30,0.05218,0.05383,0.05811,0.04903
713,2017-05-01,0.05383,0.05382,0.05527,0.0505
714,2017-05-02,0.05382,0.06108,0.06199,0.05245
715,2017-05-03,0.06108,0.08,0.08793,0.06
716,2017-05-04,0.08,0.09139,0.105,0.07776
717,2017-05-05,0.09139,0.1001,0.1039,0.09029
718,2017-05-06,0.1001,0.1391,0.155,0.09725
719,2017-05-07,0.1391,0.1917,0.224,0.1121
720,2017-05-08,0.1917,0.1564,0.207,0.112
721,2017-05-09,0.1564,0.187,0.1979,0.151
722,2017-05-10,0.187,0.1837,0.1973,0.1618
723,2017-05-11,0.1837,0.2069,0.21,0.1806
724,2017-05-12,0.2069,0.2102,0.222,0.1951
725,2017-05-13,0.2102,0.2171,0.22,0.2076
726,2017-05-14,0.2171,0.2631,0.2631,0.2156
727,2017-05-15,0.2631,0.325,0.3347,0.25
728,2017-05-16,0.325,0.375,0.3989,0.285
729,2017-05-17,0.375,0.3575,0.3925,0.304
730,2017-05-18,0.3575,0.3224,0.3594,0.2817
731,2017-05-19,0.3224,0.3449,0.359,0.289
732,2017-05-20,0.3449,0.324,0.36,0.319
733,2017-05-21,0.324,0.2988,0.3308,0.2348
734,2017-05-22,0.2988,0.3229,0.3542,0.2827
735,2017-05-23,0.3229,0.29,0.34,0.286
736,2017-05-24,0.29,0.24,0.3027,0.231
737,2017-05-25,0.24,0.276,0.3282,0.24
738,2017-05-26,0.276,0.21,0.287,0.135
739,2017-05-27,0.21,0.2281,0.2489,0.2033
740,2017-05-28,0.2281,0.2324,0.2462,0.2102
741,2017-05-29,0.2324,0.2042,0.2388,0.1868
742,2017-05-30,0.2042,0.2475,0.251,0.1931
743,2017-05-31,0.2475,0.3364,0.34,0.2456
744,2017-06-01,0.3364,0.2959,0.3372,0.2759
745,2017-06-02,0.2959,0.2921,0.307,0.2711
746,2017-06-03,0.2921,0.2941,0.31,0.271
747,2017-06-04,0.2941,0.2888,0.2979,0.2869
748,2017-06-05,0.2888,0.284,0.295,0.274
749,2017-06-06,0.284,0.2762,0.3,0.2717
750,2017-06-07,0.2762,0.2869,0.2973,0.27
751,2017-06-08,0.2869,0.2814,0.296,0.28
752,2017-06-09,0.2814,0.2598,0.2848,0.2555
753,2017-06-10,0.2598,0.2701,0.28,0.2543
754,2017-06-11,0.2701,0.2467,0.282,0.2325
755,2017-06-12,0.2467,0.2626,0.275,0.2454
756,2017-06-13,0.2626,0.2623,0.3,0.245
757,2017-06-14,0.2623,0.245,0.2642,0.214
758,2017-06-15,0.245,0.2506,0.257,0.2325
759,2017-06-16,0.2506,0.2597,0.265,0.2357
760,2017-06-17,0.2597,0.2651,0.278,0.247
761,2017-06-18,0.2651,0.281,0.282,0.2588
762,2017-06-19,0.281,0.308,0.325,0.2742
763,2017-06-20,0.308,0.2726,0.3126,0.2542
764,2017-06-21,0.2726,0.2779,0.2816,0.2513
765,2017-06-22,0.2779,0.2916,0.295,0.2767
766,2017-06-23,0.2916,0.2775,0.3039,0.2564
767,2017-06-24,0.2775,0.2577,0.2816,0.2485
768,2017-06-25,0.2577,0.2461,0.2672,0.2184
769,2017-06-26,0.2461,0.2618,0.2618,0.2261
770,2017-06-27,0.2618,0.2686,0.2687,0.2487
771,2017-06-28,0.2686,0.2561,0.2693,0.2513
772,2017-06-29,0.2561,0.2466,0.2596,0.245
773,2017-06-30,0.2466,0.2386,0.2518,0.2337
774,2017-07-01,0.2386,0.2537,0.2547,0.233
775,2017-07-02,0.2537,0.2523,0.2567,0.2445
776,2017-07-03,0.2523,0.2473,0.2581,0.2471
777,2017-07-04,0.2473,0.252,0.2563,0.2434
778,2017-07-05,0.252,0.2506,0.2528,0.2482
779,2017-07-06,0.2506,0.2303,0.2516,0.2298
780,2017-07-07,0.2303,0.23,0.2321,0.2112
781,2017-07-08,0.23,0.2261,0.2422,0.2259
782,2017-07-09,0.2261,0.1883,0.2269,0.1707
783,2017-07-10,0.1883,0.1778,0.1994,0.1511
784,2017-07-11,0.1778,0.1958,0.1971,0.1656
785,2017-07-12,0.1958,0.1925,0.2178,0.181
786,2017-07-13,0.1925,0.1843,0.1925,0.1717
787,2017-07-14,0.1843,0.172,0.1848,0.1707
788,2017-07-15,0.172,0.1461,0.1743,0.1275
789,2017-07-16,0.1461,0.1723,0.1732,0.1451
790,2017-07-17,0.1723,0.1788,0.189,0.1605
791,2017-07-18,0.1788,0.163,0.1838,0.1574
792,2017-07-19,0.163,0.1925,0.1962,0.162
793,2017-07-20,0.1925,0.1835,0.1936,0.1828
794,2017-07-21,0.1835,0.1977,0.2022,0.182
795,2017-07-22,0.1977,0.1966,0.2065,0.1873
796,2017-07-23,0.1966,0.1915,0.1984,0.1893
797,2017-07-24,0.1915,0.1744,0.1926,0.1658
798,2017-07-25,0.1744,0.1723,0.1787,0.1642
799,2017-07-26,0.1723,0.1725,0.1756,0.17
800,2017-07-27,0.1725,0.1633,0.1738,0.1591
801,2017-07-28,0.1633,0.169,0.1704,0.155
802,2017-07-29,0.169,0.1633,0.1709,0.1609
803,2017-07-30,0.1633,0.1648,0.1689,0.1585
804,2017-07-31,0.1648,0.1776,0.1847,0.162
805,2017-08-01,0.1776,0.1709,0.1794,0.1676
806,2017-08-02,0.1709,0.1748,0.1771,0.1696
807,2017-08-03,0.1748,0.1744,0.1767,0.1717
808,2017-08-04,0.1744,0.1848,0.1928,0.1719
809,2017-08-05,0.1848,0.1802,0.1896,0.1786
810,2017-08-06,0.1802,0.1782,0.1828,0.1766
811,2017-08-07,0.1782,0.1967,0.1972,0.1772
812,2017-08-08,0.1967,0.1841,0.1967,0.1818
813,2017-08-09,0.1841,0.1809,0.185,0.1784
814,2017-08-10,0.1809,0.1778,0.184,0.1758
815,2017-08-11,0.1778,0.1716,0.1825,0.1707
816,2017-08-12,0.1716,0.1657,0.1721,0.1587
817,2017-08-13,0.1657,0.1683,0.1801,0.1652
818,2017-08-14,0.1683,0.1577,0.1683,0.153
819,2017-08-15,0.1577,0.1603,0.1606,0.1489
820,2017-08-16,0.1603,0.1578,0.161,0.154
821,2017-08-17,0.1578,0.1569,0.1704,0.1518
822,2017-08-18,0.1569,0.1526,0.1616,0.1483
823,2017-08-19,0.1526,0.1587,0.1611,0.1494
824,2017-08-20,0.1587,0.1958,0.2081,0.1523
825,2017-08-21,0.1958,0.2421,0.2598,0.1715
826,2017-08-22,0.2421,0.2457,0.2977,0.2169
827,2017-08-23,0.2457,0.2173,0.2862,0.2124
828,2017-08-24,0.2173,0.2167,0.2309,0.2029
829,2017-08-25,0.2167,0.2097,0.2308,0.2069
830,2017-08-26,0.2097,0.2017,0.2104,0.193
831,2017-08-27,0.2017,0.2252,0.242,0.1947
832,2017-08-28,0.2252,0.2199,0.2262,0.2125
833,2017-08-29,0.2199,0.2319,0.2332,0.2175
834,2017-08-30,0.2319,0.2593,0.2648,0.2275
835,2017-08-31,0.2593,0.2529,0.2604,0.2444
836,2017-09-01,0.2529,0.2252,0.2538,0.2185
837,2017-09-02,0.2252,0.2303,0.2381,0.2168
838,2017-09-03,0.2303,0.2045,0.2306,0.1901
839,2017-09-04,0.2045,0.2168,0.2204,0.1917
840,2017-09-05,0.2168,0.2314,0.2329,0.2162
841,2017-09-06,0.2314,0.2271,0.2318,0.2216
842,2017-09-07,0.2271,0.2122,0.2295,0.2026
843,2017-09-08,0.2122,0.213,0.2145,0.2075
844,2017-09-09,0.213,0.2173,0.2243,0.1993
845,2017-09-10,0.2173,0.2143,0.2216,0.2087
846,2017-09-11,0.2143,0.2095,0.2242,0.206
847,2017-09-12,0.2095,0.1983,0.2099,0.1904
848,2017-09-13,0.1983,0.1711,0.2007,0.1663
849,2017-09-14,0.1711,0.1846,0.1917,0.1483
850,2017-09-15,0.1846,0.1828,0.1918,0.1741
851,2017-09-16,0.1828,0.1814,0.1846,0.1717
852,2017-09-17,0.1814,0.1933,0.1946,0.1814
853,2017-09-18,0.1933,0.1848,0.1945,0.1831
854,2017-09-19,0.1848,0.1817,0.1886,0.1808
855,2017-09-20,0.1817,0.171,0.1831,0.1703
856,2017-09-21,0.171,0.1728,0.177,0.1675
857,2017-09-22,0.1728,0.1791,0.1803,0.1701
858,2017-09-23,0.1791,0.1757,0.1799,0.1733
859,2017-09-24,0.1757,0.1846,0.1869,0.1748
860,2017-09-25,0.1846,0.1892,0.194,0.1809
861,2017-09-26,0.1892,0.2099,0.2146,0.1874
862,2017-09-27,0.2099,0.2023,0.2102,0.1968
863,2017-09-28,0.2023,0.1967,0.2025,0.188
864,2017-09-29,0.1967,0.1999,0.2051,0.1955
865,2017-09-30,0.1999,0.2083,0.2085,0.1965
866,2017-10-01,0.2083,0.2031,0.2092,0.2001
867,2017-10-02,0.2031,0.2033,0.2062,0.198
868,2017-10-03,0.2033,0.2135,0.217,0.2012
869,2017-10-04,0.2135,0.238,0.2442,0.2134
870,2017-10-05,0.238,0.2334,0.2444,0.2332
871,2017-10-06,0.2334,0.2397,0.2411,0.2324
872,2017-10-07,0.2397,0.2799,0.2811,0.2385
873,2017-10-08,0.2799,0.2501,0.2802,0.234
874,2017-10-09,0.2501,0.2582,0.2666,0.2406
875,2017-10-10,0.2582,0.2632,0.2656,0.2553
876,2017-10-11,0.2632,0.2464,0.2652,0.2461
877,2017-10-12,0.2464,0.2602,0.2651,0.233
878,2017-10-13,0.2602,0.2556,0.2685,0.2542
879,2017-10-14,0.2556,0.2652,0.2691,0.2482
880,2017-10-15,0.2652,0.2579,0.2977,0.2523
881,2017-10-16,0.2579,0.2295,0.2654,0.214
882,2017-10-17,0.2295,0.217,0.2344,0.2016
883,2017-10-18,0.217,0.2139,0.232,0.2064
884,2017-10-19,0.2141,0.2082,0.2234,0.2056
885,2017-10-20,0.2081,0.2097,0.2107,0.1971
886,2017-10-21,0.2097,0.2014,0.2114,0.1954
887,2017-10-22,0.2015,0.1917,0.202,0.1845
888,2017-10-23,0.1917,0.2038,0.2169,0.183
889,2017-10-24,0.2038,0.2023,0.2047,0.1961
890,2017-10-25,0.2023,0.2019,0.2046,0.1999
891,2017-10-26,0.2019,0.2001,0.2027,0.198
892,2017-10-27,0.2001,0.1982,0.2008,0.1974
893,2017-10-28,0.1981,0.2015,0.2053,0.1966
894,2017-10-29,0.2015,0.2024,0.2044,0.2001
895,2017-10-30,0.2024,0.1975,0.2034,0.1975
896,2017-10-31,0.1975,0.1903,0.2006,0.1896
897,2017-11-01,0.191,0.2003,0.2065,0.1755
898,2017-11-02,0.2003,0.2059,0.2263,0.1961
899,2017-11-03,0.2059,0.2015,0.2061,0.2001
900,2017-11-04,0.2014,0.1997,0.2033,0.1984
901,2017-11-05,0.1997,0.2013,0.2067,0.1981
902,2017-11-06,0.2013,0.2055,0.2065,0.1993
903,2017-11-07,0.2055,0.2167,0.2235,0.2031
904,2017-11-08,0.2167,0.2154,0.2218,0.2126
905,2017-11-09,0.2154,0.2033,0.2185,0.1988
906,2017-11-10,0.2033,0.2092,0.2147,0.2016
907,2017-11-11,0.2092,0.1915,0.2094,0.1861
908,2017-11-12,0.1915,0.2001,0.2001,0.1906
909,2017-11-13,0.2001,0.205,0.2103,0.1995
910,2017-11-14,0.205,0.2083,0.2101,0.2037
911,2017-11-15,0.2083,0.2269,0.2809,0.2058
912,2017-11-16,0.227,0.2239,0.2376,0.2174
913,2017-11-17,0.2239,0.2275,0.2293,0.2191
914,2017-11-18,0.2275,0.2321,0.237,0.2231
915,2017-11-19,0.2322,0.2406,0.2462,0.2315
916,2017-11-20,0.2409,0.2318,0.2444,0.2292
917,2017-11-21,0.2321,0.2385,0.2417,0.2317
918,2017-11-22,0.2385,0.24,0.2503,0.2357
919,2017-11-23,0.24,0.241,0.2443,0.2312
920,2017-11-24,0.241,0.2488,0.2531,0.2394
921,2017-11-25,0.2489,0.245,0.2492,0.2412
922,2017-11-26,0.2445,0.247,0.2497,0.2403
923,2017-11-27,0.247,0.2795,0.2806,0.2467
924,2017-11-28,0.2796,0.2353,0.2797,0.2128
925,2017-11-29,0.2356,0.2356,0.2468,0.22
926,2017-11-30,0.2369,0.2473,0.2511,0.2259
927,2017-12-01,0.2473,0.2441,0.2494,0.2403
928,2017-12-02,0.2441,0.2449,0.2586,0.2354
929,2017-12-03,0.2449,0.2462,0.2486,0.2354
930,2017-12-04,0.2462,0.2337,0.2469,0.2305
931,2017-12-05,0.2337,0.2182,0.234,0.2099
932,2017-12-06,0.2182,0.2035,0.2197,0.2009
933,2017-12-07,0.2037,0.2337,0.253,0.2005
934,2017-12-08,0.2337,0.2353,0.2446,0.2295
935,2017-12-09,0.2353,0.2271,0.2366,0.2223
936,2017-12-10,0.2271,0.2451,0.247,0.227
937,2017-12-11,0.2451,0.3555,0.4369,0.2442
938,2017-12-12,0.3555,0.4584,0.5006,0.3388
939,2017-12-13,0.4582,0.8507,0.8809,0.4527
940,2017-12-14,0.8507,0.7377,0.8523,0.6183
941,2017-12-15,0.7375,0.7397,0.8122,0.7177
942,2017-12-16,0.7397,0.7114,0.7524,0.7016
943,2017-12-17,0.7118,0.7558,0.7912,0.6651
944,2017-12-18,0.7558,0.7344,0.8402,0.7019
945,2017-12-19,0.7344,0.7144,0.7426,0.6568
946,2017-12-20,0.7144,1.12,1.13,0.7128
947,2017-12-21,1.12,1.0,1.24,0.6203
948,2017-12-22,1.0,1.01,1.07,0.9263
949,2017-12-23,1.01,0.9782,1.01,0.8253
950,2017-12-24,0.9782,0.9805,1.02,0.9236
951,2017-12-25,0.9805,1.07,1.09,0.9712
952,2017-12-26,1.07,1.21,1.28,1.07
953,2017-12-27,1.21,1.26,1.31,1.1
954,2017-12-28,1.26,1.93,1.97,1.25
955,2017-12-29,1.93,1.86,2.44,1.77
956,2017-12-30,1.86,1.98,2.09,1.61
957,2017-12-31,1.98,2.05,2.09,1.81
958,2018-01-01,2.05,2.19,2.21,1.89
959,2018-01-02,2.19,2.73,2.85,2.15
960,2018-01-03,2.73,2.73,3.29,2.58
961,2018-01-04,2.73,2.51,3.05,2.24
962,2018-01-05,2.51,2.65,2.85,2.46
963,2018-01-06,2.65,2.78,2.82,2.58
964,2018-01-07,2.78,2.41,2.78,1.93
965,2018-01-08,2.41,2.06,2.5,1.92
966,2018-01-09,2.06,1.95,2.13,1.63
967,2018-01-10,1.95,1.93,2.24,1.56
968,2018-01-11,1.93,2.02,2.16,1.81
969,2018-01-12,2.02,2.0,2.1,1.96
970,2018-01-13,2.0,1.83,2.0,1.76
971,2018-01-14,1.83,1.66,1.88,1.63
972,2018-01-15,1.66,1.15,1.68,0.8696
973,2018-01-16,1.15,1.31,1.38,0.8747
974,2018-01-17,1.31,1.57,1.73,1.23
975,2018-01-18,1.57,1.54,1.68,1.47
976,2018-01-19,1.54,1.57,1.63,1.48
977,2018-01-20,1.57,1.37,1.57,1.31
978,2018-01-21,1.37,1.34,1.42,1.14
979,2018-01-22,1.34,1.34,1.44,1.18
980,2018-01-23,1.34,1.36,1.42,1.29
981,2018-01-24,1.36,1.3,1.38,1.28
982,2018-01-25,1.3,1.21,1.32,1.11
983,2018-01-26,1.21,1.22,1.24,1.18
984,2018-01-27,1.22,1.36,1.39,1.22
985,2018-01-28,1.36,1.27,1.37,1.25
986,2018-01-29,1.27,1.11,1.27,1.09
987,2018-01-30,1.11,1.14,1.15,1.02
988,2018-01-31,1.14,0.9503,1.14,0.8958
989,2018-02-01,0.9503,0.8989,0.961,0.6586
990,2018-02-02,0.8989,0.9595,1.02,0.7792
991,2018-02-03,0.9595,0.8166,0.9678,0.7793
992,2018-02-04,0.8166,0.6805,0.835,0.6392
993,2018-02-05,0.6805,0.7619,0.7785,0.5722
994,2018-02-06,0.7619,0.7157,0.8132,0.6959
995,2018-02-07,0.7157,0.781,0.7887,0.711
996,2018-02-08,0.781,0.9201,0.928,0.7407
997,2018-02-09,0.9201,1.03,1.23,0.9058
998,2018-02-10,1.03,0.9607,1.04,0.8925
999,2018-02-11,0.9607,1.04,1.08,0.9574
1000,2018-02-12,1.04,0.9866,1.05,0.965
1001,2018-02-13,0.9866,1.13,1.15,0.9807
1002,2018-02-14,1.13,1.11,1.14,1.07
1003,2018-02-15,1.11,1.11,1.12,1.07
1004,2018-02-16,1.11,1.18,1.2,1.1
1005,2018-02-17,1.18,1.07,1.18,1.04
1006,2018-02-18,1.07,1.11,1.13,1.07
1007,2018-02-19,1.11,1.03,1.13,1.01
1008,2018-02-20,1.03,0.9512,1.04,0.9389
1009,2018-02-21,0.9512,0.8904,0.9999,0.8637
1010,2018-02-22,0.8904,0.9402,0.9829,0.8529
1011,2018-02-23,0.9402,0.9009,0.967,0.8709
1012,2018-02-24,0.9009,0.9012,0.9242,0.8787
1013,2018-02-25,0.9014,0.9296,0.9433,0.8756
1014,2018-02-26,0.9296,0.9276,0.9579,0.9177
1015,2018-02-27,0.9276,0.8853,0.9467,0.8817
1016,2018-02-28,0.8857,0.9155,0.9481,0.8754
1017,2018-03-01,0.9155,0.8983,0.9211,0.8869
1018,2018-03-02,0.8983,0.8984,0.9206,0.8914
1019,2018-03-03,0.8984,1.0,1.03,0.8847
1020,2018-03-04,1.0,0.9427,1.09,0.9422
1021,2018-03-05,0.9427,0.9013,0.9791,0.889
1022,2018-03-06,0.9013,0.8535,0.913,0.7885
1023,2018-03-07,0.8535,0.8053,0.8716,0.7947
1024,2018-03-08,0.8053,0.8236,0.8415,0.7325
1025,2018-03-09,0.8236,0.775,0.8412,0.7691
1026,2018-03-10,0.775,0.8173,0.8301,0.7501
1027,2018-03-11,0.8173,0.7822,0.8282,0.7653
1028,2018-03-12,0.7822,0.7777,0.7991,0.7605
1029,2018-03-13,0.7777,0.6876,0.7918,0.6556
1030,2018-03-14,0.6876,0.6841,0.7238,0.6293
1031,2018-03-15,0.6841,0.6779,0.7091,0.6597
1032,2018-03-16,0.6779,0.6278,0.6829,0.6148
1033,2018-03-17,0.6278,0.65,0.6822,0.5386
1034,2018-03-18,0.65,0.7203,0.7249,0.6275
1035,2018-03-19,0.7203,0.6996,0.7203,0.6576
1036,2018-03-20,0.6996,0.6786,0.7085,0.6621
1037,2018-03-21,0.6786,0.6523,0.6902,0.622
1038,2018-03-22,0.6523,0.6404,0.6535,0.6139
1039,2018-03-23,0.6404,0.629,0.6776,0.6279
1040,2018-03-24,0.6291,0.6341,0.6541,0.623
1041,2018-03-25,0.6341,0.5874,0.6377,0.5754
1042,2018-03-26,0.5874,0.5703,0.6018,0.5579
1043,2018-03-27,0.5703,0.5733,0.5886,0.5651
1044,2018-03-28,0.5733,0.5031,0.5745,0.4975
1045,2018-03-29,0.5031,0.499,0.5257,0.4715
1046,2018-03-30,0.4989,0.5003,0.5219,0.4929
1047,2018-03-31,0.5003,0.4787,0.5078,0.4552
1048,2018-04-01,0.4787,0.4937,0.5034,0.4719
1049,2018-04-02,0.4937,0.5473,0.5531,0.4919
1050,2018-04-03,0.5473,0.4903,0.5523,0.4861
1051,2018-04-04,0.4903,0.4886,0.4975,0.475
1052,2018-04-05,0.4886,0.4731,0.4947,0.4592
1053,2018-04-06,0.4731,0.4847,0.4962,0.4713
1054,2018-04-07,0.4847,0.4973,0.5012,0.4841
1055,2018-04-08,0.4973,0.4862,0.5114,0.4749
1056,2018-04-09,0.4862,0.4909,0.4935,0.4778
1057,2018-04-10,0.4909,0.5399,0.5558,0.4858
1058,2018-04-11,0.5401,0.6416,0.6627,0.5029
1059,2018-04-12,0.6416,0.6424,0.7077,0.6132
1060,2018-04-13,0.6424,0.6401,0.6725,0.6217
1061,2018-04-14,0.6401,0.6935,0.696,0.6401
1062,2018-04-15,0.6936,0.6638,0.695,0.6349
1063,2018-04-16,0.6638,0.6548,0.6817,0.651
1064,2018-04-17,0.6549,0.7132,0.7288,0.653
1065,2018-04-18,0.7132,0.7828,0.7876,0.7047
1066,2018-04-19,0.7828,0.9229,0.9367,0.7828
1067,2018-04-20,0.9229,0.8655,0.9238,0.8061
1068,2018-04-21,0.8655,0.862,0.9139,0.8394
1069,2018-04-22,0.862,0.8736,0.8848,0.8452
1070,2018-04-23,0.8736,0.9213,0.9643,0.868
1071,2018-04-24,0.9213,0.795,0.9255,0.7689
1072,2018-04-25,0.795,0.8463,0.8487,0.7618
1073,2018-04-26,0.8466,0.8057,0.8617,0.8033
1074,2018-04-27,0.8057,0.8616,0.8887,0.8018
1075,2018-04-28,0.8617,0.8682,0.9078,0.8249
1076,2018-04-29,0.8682,0.8313,0.876,0.8189
1077,2018-04-30,0.8313,0.834,0.8403,0.7823
1078,2018-05-01,0.8343,0.8587,0.8661,0.8239
1079,2018-05-02,0.8587,0.8802,0.8924,0.8398
1080,2018-05-03,0.8802,0.8889,0.9296,0.8573
1081,2018-05-04,0.8889,0.9004,0.928,0.8877
1082,2018-05-05,0.9004,0.8629,0.9152,0.8412
1083,2018-05-06,0.8629,0.8266,0.8648,0.7987
1084,2018-05-07,0.8262,0.8065,0.8454,0.7912
1085,2018-05-08,0.8065,0.7957,0.8171,0.7588
1086,2018-05-09,0.7957,0.7485,0.8038,0.7464
1087,2018-05-10,0.7485,0.678,0.755,0.6487
1088,2018-05-11,0.6781,0.6836,0.7101,0.6291
1089,2018-05-12,0.6836,0.7285,0.7471,0.6646
1090,2018-05-13,0.7285,0.7272,0.7497,0.6888
1091,2018-05-14,0.7272,0.6905,0.7485,0.6819
1092,2018-05-15,0.6905,0.708,0.7089,0.6595
1093,2018-05-16,0.708,0.6592,0.7113,0.651
1094,2018-05-17,0.6592,0.6762,0.6829,0.6469
1095,2018-05-18,0.6764,0.6747,0.6911,0.6607
1096,2018-05-19,0.6747,0.6985,0.7057,0.6681
1097,2018-05-20,0.6985,0.6756,0.7021,0.6695
1098,2018-05-21,0.6756,0.6384,0.6776,0.636
1099,2018-05-22,0.6384,0.591,0.644,0.5755
1100,2018-05-23,0.591,0.6293,0.638,0.5773
1101,2018-05-24,0.6293,0.6057,0.6337,0.5941
1102,2018-05-25,0.6057,0.609,0.6262,0.598
1103,2018-05-26,0.609,0.6044,0.6122,0.5982
1104,2018-05-27,0.6044,0.5478,0.6076,0.547
1105,2018-05-28,0.5478,0.5997,0.6094,0.5447
1106,2018-05-29,0.6001,0.6005,0.6267,0.5831
1107,2018-05-30,0.6005,0.6111,0.6208,0.59
1108,2018-05-31,0.6111,0.6209,0.6241,0.6047
1109,2018-06-01,0.6209,0.6428,0.6502,0.6147
1110,2018-06-02,0.6428,0.6883,0.6883,0.6381
1111,2018-06-03,0.6883,0.6555,0.7036,0.6357
1112,2018-06-04,0.6555,0.6743,0.6846,0.6337
1113,2018-06-05,0.6743,0.6737,0.6814,0.6556
1114,2018-06-06,0.6737,0.6774,0.6883,0.6705
1115,2018-06-07,0.6774,0.6734,0.6795,0.6583
1116,2018-06-08,0.6734,0.6573,0.6794,0.656
1117,2018-06-09,0.6573,0.5817,0.6573,0.5527
1118,2018-06-10,0.5817,0.5988,0.601,0.5606
1119,2018-06-11,0.5988,0.5575,0.599,0.5446
1120,2018-06-12,0.5572,0.5301,0.5617,0.5047
1121,2018-06-13,0.5301,0.5576,0.5679,0.52
1122,2018-06-14,0.5576,0.5338,0.5596,0.5285
1123,2018-06-15,0.5338,0.5326,0.5383,0.5188
1124,2018-06-16,0.5326,0.5269,0.5409,0.5226
1125,2018-06-17,0.5269,0.5391,0.5507,0.507
1126,2018-06-18,0.5392,0.5492,0.5612,0.535
1127,2018-06-19,0.549,0.5396,0.5501,0.5236
1128,2018-06-20,0.5396,0.5341,0.5485,0.5305
1129,2018-06-21,0.5341,0.4826,0.5348,0.4701
1130,2018-06-22,0.4822,0.4906,0.4956,0.4752
1131,2018-06-23,0.4906,0.4747,0.496,0.4404
1132,2018-06-24,0.4747,0.4805,0.4916,0.4727
1133,2018-06-25,0.4805,0.4525,0.4825,0.4517
1134,2018-06-26,0.4525,0.4712,0.4756,0.4486
1135,2018-06-27,0.4711,0.4467,0.4733,0.4435
1136,2018-06-28,0.4469,0.4538,0.4603,0.4248
1137,2018-06-29,0.4538,0.4685,0.4826,0.4537
1138,2018-06-30,0.4685,0.4612,0.4696,0.45
1139,2018-07-01,0.4612,0.4899,0.4955,0.4528
1140,2018-07-02,0.4897,0.4846,0.5193,0.4784
1141,2018-07-03,0.4846,0.492,0.5066,0.4753
1142,2018-07-04,0.492,0.4773,0.5023,0.4697
1143,2018-07-05,0.4773,0.4764,0.4814,0.4596
1144,2018-07-06,0.4764,0.4851,0.4867,0.4646
1145,2018-07-07,0.4851,0.4782,0.4883,0.475
1146,2018-07-08,0.4782,0.4731,0.4816,0.4711
1147,2018-07-09,0.4731,0.4426,0.4735,0.4392
1148,2018-07-10,0.4426,0.449,0.4513,0.4404
1149,2018-07-11,0.449,0.4379,0.4492,0.4246
1150,2018-07-12,0.4379,0.438,0.445,0.4306
1151,2018-07-13,0.4378,0.4388,0.443,0.4326
1152,2018-07-14,0.4388,0.4474,0.4495,0.4358
1153,2018-07-15,0.4474,0.4824,0.484,0.4432
1154,2018-07-16,0.4824,0.5066,0.5196,0.4691
1155,2018-07-17,0.5066,0.4887,0.5236,0.4764
1156,2018-07-18,0.4887,0.4768,0.4945,0.4718
1157,2018-07-19,0.4768,0.4448,0.4769,0.4301
1158,2018-07-20,0.4448,0.4544,0.4589,0.435
1159,2018-07-21,0.4544,0.4488,0.4628,0.4467
1160,2018-07-22,0.4488,0.445,0.4639,0.4421
1161,2018-07-23,0.445,0.4573,0.4689,0.4377
1162,2018-07-24,0.4573,0.459,0.468,0.4515
1163,2018-07-25,0.459,0.4492,0.4689,0.4469
1164,2018-07-26,0.4493,0.4548,0.4601,0.4446
1165,2018-07-27,0.4548,0.4576,0.4582,0.4482
1166,2018-07-28,0.4577,0.4529,0.4582,0.4503
1167,2018-07-29,0.4529,0.4458,0.456,0.4346
1168,2018-07-30,0.4458,0.4351,0.4461,0.4272
1169,2018-07-31,0.4351,0.4464,0.4626,0.4266
1170,2018-08-01,0.4464,0.4306,0.4483,0.43
1171,2018-08-02,0.4306,0.4402,0.446,0.4259
1172,2018-08-03,0.4402,0.4296,0.4446,0.4279
1173,2018-08-04,0.4296,0.4347,0.4371,0.4274
1174,2018-08-05,0.4347,0.4128,0.437,0.403
1175,2018-08-06,0.4128,0.3781,0.4154,0.375
1176,2018-08-07,0.3781,0.3321,0.3784,0.3199
1177,2018-08-08,0.3321,0.344,0.3574,0.3282
1178,2018-08-09,0.344,0.3187,0.3461,0.3128
1179,2018-08-10,0.3187,0.298,0.3196,0.2882
1180,2018-08-11,0.298,0.2958,0.3097,0.2948
1181,2018-08-12,0.2958,0.2745,0.3096,0.2716
1182,2018-08-13,0.2745,0.273,0.2771,0.2468
1183,2018-08-14,0.273,0.2803,0.3021,0.2729
1184,2018-08-15,0.2803,0.2916,0.3015,0.2758
1185,2018-08-16,0.2916,0.3672,0.3736,0.291
1186,2018-08-17,0.3672,0.3284,0.3705,0.3133
1187,2018-08-18,0.3284,0.3414,0.3522,0.3185
1188,2018-08-19,0.3414,0.3149,0.3505,0.3136
1189,2018-08-20,0.3149,0.334,0.3378,0.3135
1190,2018-08-21,0.334,0.3178,0.3555,0.3107
1191,2018-08-22,0.3178,0.3257,0.3294,0.3154
1192,2018-08-23,0.3257,0.3269,0.3293,0.3153
1193,2018-08-24,0.3269,0.3273,0.332,0.3222
1194,2018-08-25,0.3273,0.323,0.3283,0.3185
1195,2018-08-26,0.323,0.3387,0.3401,0.3218
1196,2018-08-27,0.3387,0.3508,0.357,0.3348
1197,2018-08-28,0.3508,0.3447,0.3545,0.3384
1198,2018-08-29,0.3447,0.3348,0.3464,0.3232
1199,2018-08-30,0.3348,0.3348,0.3407,0.3276
1200,2018-08-31,0.3348,0.3468,0.3537,0.3346
1201,2018-09-01,0.3468,0.3417,0.3491,0.3361
1202,2018-09-02,0.3417,0.3345,0.3437,0.3328
1203,2018-09-03,0.3345,0.3304,0.3408,0.3285
1204,2018-09-04,0.3304,0.2789,0.3334,0.2778
1205,2018-09-05,0.2789,0.3014,0.3047,0.268
1206,2018-09-06,0.3014,0.2868,0.304,0.2811
1207,2018-09-07,0.2868,0.2769,0.2937,0.2693
1208,2018-09-08,0.2769,0.2759,0.2908,0.271
1209,2018-09-09,0.276,0.2697,0.2822,0.26
1210,2018-09-10,0.2697,0.263,0.2747,0.2526
1211,2018-09-11,0.263,0.2699,0.2732,0.2535
1212,2018-09-12,0.2699,0.2793,0.2856,0.2674
1213,2018-09-13,0.2792,0.2762,0.2849,0.2718
1214,2018-09-14,0.2761,0.2807,0.2846,0.2758
1215,2018-09-15,0.2807,0.281,0.2821,0.2743
1216,2018-09-16,0.281,0.2705,0.2834,0.2667
1217,2018-09-17,0.2705,0.319,0.3364,0.2692
1218,2018-09-18,0.319,0.3265,0.3352,0.3109
1219,2018-09-19,0.3265,0.4485,0.4977,0.3216
1220,2018-09-20,0.4485,0.5644,0.783,0.4265
1221,2018-09-21,0.5644,0.5732,0.626,0.4923
1222,2018-09-22,0.5733,0.5713,0.5987,0.5559
1223,2018-09-23,0.5713,0.4921,0.5833,0.4829
1224,2018-09-24,0.4923,0.5251,0.5478,0.436
1225,2018-09-25,0.5251,0.5129,0.5732,0.484
1226,2018-09-26,0.5129,0.5434,0.5546,0.5065
1227,2018-09-27,0.5434,0.5396,0.5513,0.5149
1228,2018-09-28,0.5396,0.5688,0.5955,0.5237
1229,2018-09-29,0.5688,0.5817,0.6225,0.5589
1230,2018-09-30,0.5817,0.5769,0.6045,0.5325
1231,2018-10-01,0.5769,0.5165,0.5796,0.5135
1232,2018-10-02,0.5165,0.5277,0.5377,0.5067
1233,2018-10-03,0.5277,0.5281,0.548,0.5248
1234,2018-10-04,0.5281,0.5195,0.5323,0.5096
1235,2018-10-05,0.5195,0.4877,0.522,0.4682
1236,2018-10-06,0.4877,0.482,0.4896,0.4671
1237,2018-10-07,0.482,0.491,0.5002,0.4782
1238,2018-10-08,0.491,0.4805,0.4919,0.4697
1239,2018-10-09,0.4805,0.464,0.4805,0.4595
1240,2018-10-10,0.464,0.3809,0.464,0.3761
1241,2018-10-11,0.3809,0.4193,0.4457,0.3763
1242,2018-10-12,0.4193,0.4194,0.4287,0.4144
1243,2018-10-13,0.4194,0.4064,0.4273,0.3986
1244,2018-10-14,0.4064,0.4555,0.5074,0.3964
1245,2018-10-15,0.4555,0.4774,0.4808,0.4506
1246,2018-10-16,0.4774,0.4774,0.489,0.465
1247,2018-10-17,0.4774,0.4619,0.4871,0.4494
1248,2018-10-18,0.4619,0.4567,0.4656,0.452
1249,2018-10-19,0.4567,0.4646,0.4686,0.4529
1250,2018-10-20,0.4646,0.4613,0.4707,0.4596
1251,2018-10-21,0.4613,0.4575,0.4643,0.4518
1252,2018-10-22,0.4575,0.4658,0.4805,0.4402
1253,2018-10-23,0.4658,0.461,0.4735,0.4579
1254,2018-10-24,0.461,0.4604,0.4688,0.455
1255,2018-10-25,0.4604,0.4641,0.4665,0.4549
1256,2018-10-26,0.4641,0.4587,0.4641,0.4547
1257,2018-10-27,0.4587,0.462,0.4645,0.4562
1258,2018-10-28,0.4621,0.443,0.4629,0.4332
1259,2018-10-29,0.443,0.4459,0.4509,0.4414
1260,2018-10-30,0.4459,0.4524,0.4594,0.4369
1261,2018-10-31,0.4524,0.4593,0.4595,0.4484
1262,2018-11-01,0.4593,0.459,0.4649,0.4561
1263,2018-11-02,0.4589,0.4558,0.4605,0.4541
1264,2018-11-03,0.4558,0.4686,0.4766,0.4489
1265,2018-11-04,0.4686,0.4993,0.503,0.4622
1266,2018-11-05,0.4993,0.5529,0.5669,0.4992
1267,2018-11-06,0.5529,0.5381,0.5538,0.5263
1268,2018-11-07,0.5381,0.4944,0.5433,0.4916
1269,2018-11-08,0.4944,0.5016,0.5188,0.4939
1270,2018-11-09,0.5016,0.5061,0.513,0.5005
1271,2018-11-10,0.5061,0.5069,0.5087,0.4958
1272,2018-11-11,0.5069,0.5209,0.5311,0.5024
1273,2018-11-12,0.5208,0.5121,0.5286,0.5072
1274,2018-11-13,0.5121,0.4749,0.5141,0.4112
1275,2018-11-14,0.475,0.4839,0.4891,0.4273
1276,2018-11-15,0.4839,0.4736,0.49,0.4619
1277,2018-11-16,0.4736,0.4943,0.5004,0.4671
1278,2018-11-17,0.4943,0.5128,0.5272,0.4921
1279,2018-11-18,0.5128,0.4776,0.5131,0.465
1280,2018-11-19,0.4775,0.4369,0.5032,0.4089
1281,2018-11-20,0.4369,0.4476,0.4632,0.414
1282,2018-11-21,0.4476,0.4225,0.4508,0.4205
1283,2018-11-22,0.4225,0.4089,0.4288,0.3944
1284,2018-11-23,0.4089,0.3756,0.4217,0.3643
1285,2018-11-24,0.3755,0.3782,0.3919,0.3234
1286,2018-11-25,0.3782,0.359,0.394,0.341
1287,2018-11-26,0.359,0.3626,0.3739,0.3426
1288,2018-11-27,0.3626,0.3925,0.4042,0.3625
1289,2018-11-28,0.3925,0.3812,0.3953,0.3715
1290,2018-11-29,0.3812,0.363,0.3832,0.3537
1291,2018-11-30,0.363,0.3737,0.3799,0.3563
1292,2018-12-01,0.3737,0.3695,0.3819,0.3644
1293,2018-12-02,0.3695,0.3468,0.3701,0.3435
1294,2018-12-03,0.3468,0.3519,0.3629,0.3375
1295,2018-12-04,0.3519,0.337,0.353,0.3359
1296,2018-12-05,0.337,0.3074,0.3447,0.3042
1297,2018-12-06,0.3074,0.3023,0.3142,0.2894
1298,2018-12-07,0.3023,0.3074,0.3273,0.2929
1299,2018-12-08,0.3074,0.3136,0.3258,0.3024
1300,2018-12-09,0.3136,0.3022,0.3178,0.2973
1301,2018-12-10,0.3022,0.3005,0.3119,0.2949
1302,2018-12-11,0.3005,0.3081,0.3128,0.2985
1303,2018-12-12,0.3081,0.3002,0.3089,0.2965
1304,2018-12-13,0.3002,0.2894,0.3007,0.2834
1305,2018-12-14,0.2894,0.2858,0.2925,0.2815
1306,2018-12-15,0.2858,0.2891,0.2978,0.285
1307,2018-12-16,0.2891,0.3319,0.342,0.2866
1308,2018-12-17,0.3319,0.3558,0.3561,0.3263
1309,2018-12-18,0.3558,0.3531,0.3998,0.3488
1310,2018-12-19,0.3531,0.3808,0.395,0.348
1311,2018-12-20,0.3808,0.3609,0.3906,0.3547
1312,2018-12-21,0.3609,0.3675,0.3697,0.3504
1313,2018-12-22,0.3675,0.3757,0.3898,0.3656
1314,2018-12-23,0.3757,0.4097,0.4601,0.3754
1315,2018-12-24,0.4097,0.3862,0.4126,0.37
1316,2018-12-25,0.3862,0.3833,0.3978,0.3624
1317,2018-12-26,0.3833,0.342,0.3844,0.334
1318,2018-12-27,0.342,0.3821,0.3885,0.3374
1319,2018-12-28,0.3821,0.368,0.3915,0.3646
1320,2018-12-29,0.368,0.3752,0.3759,0.3624
1321,2018-12-30,0.3752,0.3564,0.3817,0.352
1322,2018-12-31,0.3564,0.3709,0.3711,0.3522
1323,2019-01-01,0.3709,0.3799,0.3857,0.3639
1324,2019-01-02,0.3799,0.3607,0.3805,0.353
1325,2019-01-03,0.3607,0.3628,0.3662,0.3522
1326,2019-01-04,0.3628,0.3569,0.3697,0.351
1327,2019-01-05,0.3569,0.3721,0.3784,0.3527
1328,2019-01-06,0.3721,0.3671,0.3807,0.3638
1329,2019-01-07,0.3671,0.3696,0.3763,0.3607
1330,2019-01-08,0.3696,0.3721,0.3759,0.3626
1331,2019-01-09,0.3721,0.3326,0.3918,0.3227
1332,2019-01-10,0.3326,0.3316,0.3395,0.3265
1333,2019-01-11,0.3316,0.3325,0.3363,0.3288
1334,2019-01-12,0.3325,0.3188,0.3372,0.3161
1335,2019-01-13,0.3188,0.3364,0.3428,0.3182
1336,2019-01-14,0.3364,0.3278,0.3391,0.3231
1337,2019-01-15,0.3278,0.3302,0.3376,0.3261
1338,2019-01-16,0.3302,0.3313,0.3342,0.3242
1339,2019-01-17,0.3313,0.3247,0.3318,0.3212
1340,2019-01-18,0.3247,0.3336,0.3442,0.3241
1341,2019-01-19,0.3336,0.32,0.3355,0.3145
1342,2019-01-20,0.32,0.3209,0.3246,0.3163
1343,2019-01-21,0.3209,0.3216,0.3249,0.3091
1344,2019-01-22,0.3216,0.3169,0.3229,0.3151
1345,2019-01-23,0.3169,0.3198,0.3226,0.3143
1346,2019-01-24,0.3198,0.3174,0.3217,0.3134
1347,2019-01-25,0.3174,0.3155,0.3216,0.3145
1348,2019-01-26,0.3155,0.3082,0.3162,0.305
1349,2019-01-27,0.3082,0.2952,0.3093,0.2838
1350,2019-01-28,0.2952,0.2892,0.2967,0.2836
1351,2019-01-29,0.2892,0.3235,0.3283,0.2863
1352,2019-01-30,0.3235,0.3122,0.3381,0.3057
1353,2019-01-31,0.3122,0.3086,0.3139,0.2978
1354,2019-02-01,0.3086,0.3115,0.3145,0.3053
1355,2019-02-02,0.3115,0.3028,0.3135,0.2982
1356,2019-02-03,0.3028,0.2986,0.3061,0.2973
1357,2019-02-04,0.2986,0.2996,0.3027,0.2961
1358,2019-02-05,0.2996,0.289,0.3007,0.2878
1359,2019-02-06,0.289,0.2909,0.2936,0.2884
1360,2019-02-07,0.2909,0.3127,0.3216,0.2897
1361,2019-02-08,0.3127,0.3123,0.3163,0.3075
1362,2019-02-09,0.3123,0.3098,0.3125,0.2995
1363,2019-02-10,0.3098,0.3023,0.3106,0.3017
1364,2019-02-11,0.3023,0.3055,0.3085,0.2975
1365,2019-02-12,0.3055,0.305,0.3137,0.3011
1366,2019-02-13,0.305,0.3015,0.3064,0.301
1367,2019-02-14,0.3015,0.3023,0.3067,0.2988
1368,2019-02-15,0.3023,0.3019,0.3049,0.3008
1369,2019-02-16,0.3019,0.3048,0.3092,0.299
1370,2019-02-17,0.3048,0.3238,0.3323,0.3035
1371,2019-02-18,0.3238,0.3254,0.3498,0.3218
1372,2019-02-19,0.3254,0.333,0.3369,0.3209
1373,2019-02-20,0.333,0.322,0.335,0.3187
1374,2019-02-21,0.322,0.3249,0.327,0.3174
1375,2019-02-22,0.3249,0.3362,0.3381,0.3204
1376,2019-02-23,0.3362,0.3005,0.3468,0.2983
1377,2019-02-24,0.3005,0.3307,0.3428,0.3
1378,2019-02-25,0.3307,0.3197,0.3375,0.3166
1379,2019-02-26,0.3197,0.3136,0.3217,0.3024
1380,2019-02-27,0.3136,0.3166,0.321,0.3105
1381,2019-02-28,0.3166,0.3172,0.3263,0.3137
1382,2019-03-01,0.3172,0.3163,0.3192,0.3119
1383,2019-03-02,0.3163,0.3129,0.318,0.3104
1384,2019-03-03,0.3129,0.3043,0.3143,0.3005
1385,2019-03-04,0.3043,0.3171,0.32,0.303
1386,2019-03-05,0.3171,0.3188,0.3229,0.312
1387,2019-03-06,0.3188,0.3141,0.3211,0.3139
1388,2019-03-07,0.3141,0.3095,0.3167,0.3056
1389,2019-03-08,0.3095,0.3151,0.3196,0.3085
1390,2019-03-09,0.3151,0.3143,0.3188,0.3104
1391,2019-03-10,0.3143,0.312,0.3155,0.3092
1392,2019-03-11,0.312,0.3108,0.3126,0.3073
1393,2019-03-12,0.3108,0.3161,0.3269,0.3084
1394,2019-03-13,0.3161,0.3136,0.3186,0.3009
1395,2019-03-14,0.3136,0.3165,0.3184,0.3126
1396,2019-03-15,0.3165,0.3206,0.3238,0.316
1397,2019-03-16,0.3206,0.3174,0.3208,0.3165
1398,2019-03-17,0.3174,0.3167,0.3213,0.3143
1399,2019-03-18,0.3167,0.3169,0.3172,0.3134
1400,2019-03-19,0.3169,0.3197,0.3233,0.3127
1401,2019-03-20,0.3197,0.3112,0.321,0.3049
1402,2019-03-21,0.3112,0.3113,0.3135,0.3083
1403,2019-03-22,0.3113,0.3117,0.313,0.3099
1404,2019-03-23,0.3117,0.3085,0.3119,0.3052
1405,2019-03-24,0.3085,0.3024,0.3087,0.2998
1406,2019-03-25,0.3024,0.3028,0.3031,0.2882
1407,2019-03-26,0.3028,0.3111,0.3121,0.3003
1408,2019-03-27,0.3111,0.3072,0.3112,0.3056
1409,2019-03-28,0.3072,0.3096,0.3113,0.3057
1410,2019-03-29,0.3096,0.3128,0.3198,0.309
1411,2019-03-30,0.3128,0.3109,0.3131,0.309
1412,2019-03-31,0.3109,0.3134,0.3155,0.3092
1413,2019-04-01,0.3134,0.3545,0.3606,0.3122
1414,2019-04-02,0.3545,0.3426,0.3746,0.3269
1415,2019-04-03,0.3426,0.3314,0.3494,0.3266
1416,2019-04-04,0.3314,0.3644,0.3798,0.3313
1417,2019-04-05,0.3644,0.354,0.3648,0.349
1418,2019-04-06,0.354,0.3638,0.3675,0.3522
1419,2019-04-07,0.3638,0.3591,0.3715,0.3496
1420,2019-04-08,0.3591,0.3504,0.3596,0.3494
1421,2019-04-09,0.3504,0.354,0.3618,0.3464
1422,2019-04-10,0.354,0.3292,0.3542,0.3231
1423,2019-04-11,0.3292,0.3258,0.3306,0.3186
1424,2019-04-12,0.3258,0.3268,0.3378,0.3231
1425,2019-04-13,0.3268,0.3303,0.3321,0.3231
1426,2019-04-14,0.3303,0.3194,0.3333,0.3142
1427,2019-04-15,0.3194,0.3263,0.3275,0.3167
1428,2019-04-16,0.3263,0.3368,0.3433,0.3213
1429,2019-04-17,0.3368,0.3371,0.3489,0.3344
1430,2019-04-18,0.3371,0.3324,0.3372,0.3283
1431,2019-04-19,0.3324,0.3287,0.3346,0.3233
1432,2019-04-20,0.3287,0.3226,0.3304,0.3177
1433,2019-04-21,0.3226,0.3245,0.3328,0.3198
1434,2019-04-22,0.3245,0.3207,0.329,0.3205
1435,2019-04-23,0.3207,0.3017,0.322,0.2913
1436,2019-04-24,0.3017,0.2879,0.3076,0.2811
1437,2019-04-25,0.2879,0.3003,0.3018,0.2847
1438,2019-04-26,0.3003,0.2952,0.302,0.294
1439,2019-04-27,0.2958,0.2983,0.3007,0.2939
1440,2019-04-28,0.2983,0.2956,0.3003,0.2895
1441,2019-04-29,0.2956,0.3113,0.315,0.2945
1442,2019-04-30,0.3113,0.3055,0.3137,0.3015
1443,2019-05-01,0.3055,0.3031,0.3081,0.3019
1444,2019-05-02,0.3031,0.3075,0.3128,0.3008
1445,2019-05-03,0.3075,0.3048,0.3175,0.2993
1446,2019-05-04,0.3048,0.3009,0.3061,0.2998
1447,2019-05-05,0.3009,0.3039,0.3085,0.2959
1448,2019-05-06,0.3039,0.2975,0.3077,0.2967
1449,2019-05-07,0.2975,0.3002,0.3023,0.2954
1450,2019-05-08,0.3002,0.2948,0.302,0.2925
1451,2019-05-09,0.2948,0.2984,0.3022,0.2913
1452,2019-05-10,0.2984,0.3216,0.3393,0.2978
1453,2019-05-11,0.3216,0.3107,0.3302,0.3054
1454,2019-05-12,0.3107,0.324,0.3307,0.3083
1455,2019-05-13,0.324,0.4075,0.4212,0.3226
1456,2019-05-14,0.4075,0.4579,0.4671,0.4071
1457,2019-05-15,0.4579,0.419,0.4787,0.3947
1458,2019-05-16,0.419,0.3902,0.4237,0.3594
1459,2019-05-17,0.3902,0.3719,0.396,0.3643
1460,2019-05-18,0.3719,0.4185,0.4291,0.3705
1461,2019-05-19,0.4185,0.3993,0.4185,0.38
1462,2019-05-20,0.3993,0.3971,0.4085,0.3881
1463,2019-05-21,0.3971,0.3717,0.4123,0.367
1464,2019-05-22,0.3717,0.3807,0.3848,0.3621
1465,2019-05-23,0.3807,0.384,0.3953,0.3718
1466,2019-05-24,0.384,0.3869,0.3958,0.382
1467,2019-05-25,0.3869,0.4092,0.4162,0.3753
1468,2019-05-26,0.4092,0.4347,0.4467,0.4065
1469,2019-05-27,0.4347,0.4488,0.46,0.4185
1470,2019-05-28,0.4488,0.4446,0.457,0.422
1471,2019-05-29,0.4446,0.4188,0.4743,0.402
1472,2019-05-30,0.4188,0.438,0.4407,0.4071
1473,2019-05-31,0.438,0.4293,0.441,0.419
1474,2019-06-01,0.4293,0.4447,0.4467,0.4282
1475,2019-06-02,0.4447,0.4175,0.4641,0.4172
1476,2019-06-03,0.4175,0.3981,0.4175,0.3845
1477,2019-06-04,0.3981,0.401,0.4077,0.3882
1478,2019-06-05,0.401,0.4201,0.427,0.3915
1479,2019-06-06,0.4201,0.4207,0.4318,0.4156
1480,2019-06-07,0.4207,0.4086,0.4229,0.4042
1481,2019-06-08,0.4086,0.3858,0.4114,0.371
1482,2019-06-09,0.3858,0.4017,0.4049,0.3806
1483,2019-06-10,0.4017,0.3934,0.4038,0.3834
1484,2019-06-11,0.3934,0.4029,0.4038,0.3889
1485,2019-06-12,0.4029,0.3996,0.4107,0.3966
1486,2019-06-13,0.3996,0.404,0.405,0.3919
1487,2019-06-14,0.404,0.4112,0.4138,0.4023
1488,2019-06-15,0.4112,0.4282,0.4425,0.4085
1489,2019-06-16,0.4282,0.4484,0.4626,0.427
1490,2019-06-17,0.4484,0.427,0.4558,0.4187
1491,2019-06-18,0.427,0.4354,0.4388,0.4245
1492,2019-06-19,0.4354,0.4304,0.4366,0.4216
1493,2019-06-20,0.4304,0.4453,0.4498,0.4301
1494,2019-06-21,0.4453,0.4755,0.5092,0.4427
1495,2019-06-22,0.4755,0.4688,0.4895,0.4634
1496,2019-06-23,0.4688,0.4729,0.475,0.4468
1497,2019-06-24,0.4729,0.4657,0.4757,0.4557
1498,2019-06-25,0.4657,0.4614,0.4932,0.4384
1499,2019-06-26,0.4614,0.4049,0.4663,0.3898
1500,2019-06-27,0.4049,0.4242,0.4245,0.3974
1501,2019-06-28,0.4242,0.4253,0.4279,0.4006
1502,2019-06-29,0.4253,0.3934,0.4273,0.392
1503,2019-06-30,0.3934,0.4057,0.4193,0.3859
1504,2019-07-01,0.4057,0.3984,0.4096,0.382
1505,2019-07-02,0.3984,0.4056,0.4069,0.3953
1506,2019-07-03,0.4056,0.3874,0.4061,0.3858
1507,2019-07-04,0.3874,0.3795,0.3879,0.3742
1508,2019-07-05,0.3795,0.3899,0.4112,0.3793
1509,2019-07-06,0.3899,0.3986,0.4009,0.3872
1510,2019-07-07,0.3986,0.4028,0.4048,0.3935
1511,2019-07-08,0.4028,0.394,0.4081,0.39
1512,2019-07-09,0.394,0.3613,0.397,0.3468
1513,2019-07-10,0.3613,0.3289,0.3623,0.3185
1514,2019-07-11,0.3289,0.3443,0.3507,0.32
1515,2019-07-12,0.3443,0.3319,0.3451,0.3238
1516,2019-07-13,0.3319,0.3046,0.3347,0.2999
1517,2019-07-14,0.3046,0.3128,0.3232,0.295
1518,2019-07-15,0.3128,0.295,0.3195,0.2838
1519,2019-07-16,0.295,0.3108,0.3246,0.2931
1520,2019-07-17,0.3108,0.3209,0.3266,0.3036
1521,2019-07-18,0.3209,0.3197,0.3227,0.3107
1522,2019-07-19,0.3197,0.3334,0.342,0.3192
1523,2019-07-20,0.3334,0.3308,0.3355,0.3211
1524,2019-07-21,0.3308,0.3209,0.3323,0.3157
1525,2019-07-22,0.3209,0.3081,0.3209,0.306
1526,2019-07-23,0.3081,0.316,0.3184,0.303
1527,2019-07-24,0.316,0.3132,0.3232,0.3119
1528,2019-07-25,0.3132,0.3239,0.3255,0.3077
1529,2019-07-26,0.3239,0.3095,0.3273,0.3052
1530,2019-07-27,0.3095,0.3115,0.3145,0.2995
1531,2019-07-28,0.3115,0.3098,0.3142,0.3056
1532,2019-07-29,0.3098,0.3188,0.3219,0.3068
1533,2019-07-30,0.3188,0.3199,0.3237,0.3154
1534,2019-07-31,0.3199,0.3164,0.32,0.3118
1535,2019-08-01,0.3164,0.3115,0.3181,0.3094
1536,2019-08-02,0.3115,0.3162,0.3178,0.3113
1537,2019-08-03,0.3162,0.3194,0.3233,0.3123
1538,2019-08-04,0.3194,0.3217,0.3316,0.3194
1539,2019-08-05,0.3217,0.3112,0.3246,0.3078
1540,2019-08-06,0.3112,0.3111,0.3159,0.3072
1541,2019-08-07,0.3111,0.308,0.3116,0.304
1542,2019-08-08,0.308,0.2961,0.3086,0.2899
1543,2019-08-09,0.2961,0.2986,0.3053,0.2911
1544,2019-08-10,0.2986,0.3029,0.3059,0.2952
1545,2019-08-11,0.3029,0.3005,0.3053,0.2979
1546,2019-08-12,0.3005,0.2972,0.301,0.2921
1547,2019-08-13,0.2972,0.2631,0.2978,0.2407
1548,2019-08-14,0.2631,0.2642,0.2684,0.2455
1549,2019-08-15,0.2642,0.2612,0.2651,0.2548
1550,2019-08-16,0.2612,0.2658,0.2696,0.2586
1551,2019-08-17,0.2658,0.2836,0.2923,0.2638
1552,2019-08-18,0.2836,0.2823,0.2909,0.2762
1553,2019-08-19,0.2823,0.2743,0.2826,0.2699
1554,2019-08-20,0.2743,0.266,0.2746,0.2581
1555,2019-08-21,0.266,0.2711,0.2746,0.2606
1556,2019-08-22,0.2711,0.2775,0.2787,0.268
1557,2019-08-23,0.2775,0.2721,0.278,0.2645
1558,2019-08-24,0.2721,0.2699,0.2764,0.2664
1559,2019-08-25,0.2699,0.2702,0.2805,0.2669
1560,2019-08-26,0.2702,0.2695,0.2703,0.2649
1561,2019-08-27,0.2695,0.2563,0.2696,0.2467
1562,2019-08-28,0.2563,0.2571,0.2624,0.2476
1563,2019-08-29,0.2571,0.2556,0.2574,0.2526
1564,2019-08-30,0.2556,0.2586,0.2607,0.2535
1565,2019-08-31,0.2586,0.2569,0.2594,0.2513
1566,2019-09-01,0.2569,0.2616,0.265,0.2537
1567,2019-09-02,0.2616,0.2632,0.2672,0.2584
1568,2019-09-03,0.2632,0.2589,0.2632,0.2567
1569,2019-09-04,0.2589,0.2565,0.2595,0.2538
1570,2019-09-05,0.2565,0.2518,0.2594,0.2474
1571,2019-09-06,0.2518,0.2605,0.2636,0.2506
1572,2019-09-07,0.2605,0.2627,0.2663,0.2566
1573,2019-09-08,0.2627,0.2588,0.2647,0.2568
1574,2019-09-09,0.2588,0.2586,0.2636,0.2535
1575,2019-09-10,0.2586,0.2554,0.2607,0.2511
1576,2019-09-11,0.2554,0.2544,0.2569,0.2509
1577,2019-09-12,0.2544,0.256,0.2564,0.2525
1578,2019-09-13,0.256,0.2622,0.2657,0.2546
1579,2019-09-14,0.2622,0.2608,0.2646,0.2593
1580,2019-09-15,0.2608,0.2615,0.2637,0.257
1581,2019-09-16,0.2615,0.2859,0.2988,0.2601
1582,2019-09-17,0.2859,0.3139,0.3269,0.2855
1583,2019-09-18,0.3139,0.3016,0.314,0.283
1584,2019-09-19,0.3016,0.2939,0.3024,0.2835
1585,2019-09-20,0.2939,0.2896,0.2976,0.2866
1586,2019-09-21,0.2896,0.2766,0.2897,0.2684
1587,2019-09-22,0.2766,0.2675,0.2864,0.2663
1588,2019-09-23,0.2675,0.234,0.2727,0.2188
1589,2019-09-24,0.234,0.2463,0.25,0.2322
1590,2019-09-25,0.2463,0.2424,0.2501,0.2287
1591,2019-09-26,0.2424,0.2429,0.2477,0.2335
1592,2019-09-27,0.2429,0.2426,0.2452,0.2387
1593,2019-09-28,0.2426,0.2408,0.2429,0.2351
1594,2019-09-29,0.2408,0.2573,0.2621,0.2359
1595,2019-09-30,0.2573,0.2486,0.2615,0.2454
1596,2019-10-01,0.2486,0.2535,0.2552,0.2451
1597,2019-10-02,0.2535,0.2474,0.2541,0.2424
1598,2019-10-03,0.2474,0.2534,0.2572,0.2453
1599,2019-10-04,0.2534,0.2543,0.2571,0.2468
1600,2019-10-05,0.2543,0.2556,0.257,0.2518
1601,2019-10-06,0.2556,0.2766,0.2818,0.254
1602,2019-10-07,0.2766,0.2781,0.2857,0.2715
1603,2019-10-08,0.2781,0.2818,0.2875,0.2739
1604,2019-10-09,0.2818,0.2713,0.2825,0.2658
1605,2019-10-10,0.2713,0.2679,0.276,0.2652
1606,2019-10-11,0.2679,0.273,0.2775,0.2679
1607,2019-10-12,0.273,0.2779,0.2822,0.2719
1608,2019-10-13,0.2779,0.2978,0.2984,0.2771
1609,2019-10-14,0.2978,0.2885,0.2995,0.2835
1610,2019-10-15,0.2885,0.2838,0.2922,0.2788
1611,2019-10-16,0.2838,0.302,0.304,0.2803
1612,2019-10-17,0.302,0.2947,0.3024,0.2851
1613,2019-10-18,0.2947,0.2922,0.2996,0.2879
1614,2019-10-19,0.2922,0.2948,0.2971,0.2817
1615,2019-10-20,0.2948,0.293,0.2949,0.2891
1616,2019-10-21,0.293,0.291,0.3033,0.2887
1617,2019-10-22,0.291,0.2738,0.2917,0.2501
1618,2019-10-23,0.2738,0.2769,0.2809,0.267
1619,2019-10-24,0.2769,0.2988,0.3083,0.2753
1620,2019-10-25,0.2988,0.2948,0.3146,0.2842
1621,2019-10-26,0.2948,0.2992,0.303,0.2906
1622,2019-10-27,0.2992,0.2948,0.3054,0.2942
1623,2019-10-28,0.2948,0.3026,0.3101,0.2947
1624,2019-10-29,0.3026,0.2952,0.3064,0.2905
1625,2019-10-30,0.2952,0.2948,0.2989,0.2886
1626,2019-10-31,0.2948,0.2924,0.2951,0.2852
1627,2019-11-01,0.2924,0.2952,0.2983,0.2915
1628,2019-11-02,0.2952,0.2906,0.2965,0.2891
1629,2019-11-03,0.2906,0.2995,0.3008,0.2897
1630,2019-11-04,0.2995,0.3011,0.3054,0.2956
1631,2019-11-05,0.3011,0.3108,0.3135,0.2975
1632,2019-11-06,0.3108,0.2904,0.3159,0.2758
1633,2019-11-07,0.2904,0.2754,0.2907,0.2706
1634,2019-11-08,0.2754,0.2801,0.2819,0.2746
1635,2019-11-09,0.2801,0.2792,0.2844,0.2769
1636,2019-11-10,0.2792,0.2743,0.2811,0.2693
1637,2019-11-11,0.2743,0.2722,0.2763,0.2673
1638,2019-11-12,0.2722,0.2719,0.2755,0.2704
1639,2019-11-13,0.2719,0.2681,0.2727,0.2634
1640,2019-11-14,0.2681,0.2607,0.2692,0.2523
1641,2019-11-15,0.2607,0.2625,0.2644,0.2591
1642,2019-11-16,0.2625,0.2636,0.2665,0.2595
1643,2019-11-17,0.2636,0.2518,0.2636,0.2407
1644,2019-11-18,0.2518,0.2541,0.2566,0.2431
1645,2019-11-19,0.2541,0.2502,0.2588,0.2483
1646,2019-11-20,0.2502,0.2436,0.2533,0.2354
1647,2019-11-21,0.2436,0.2309,0.2459,0.2223
1648,2019-11-22,0.2309,0.2348,0.2362,0.2266
1649,2019-11-23,0.2348,0.2211,0.2355,0.2195
1650,2019-11-24,0.2211,0.2183,0.2255,0.2015
1651,2019-11-25,0.2183,0.2212,0.2222,0.214
1652,2019-11-26,0.2212,0.2246,0.2302,0.2132
1653,2019-11-27,0.2246,0.2238,0.23,0.223
1654,2019-11-28,0.2238,0.2307,0.2328,0.2233
1655,2019-11-29,0.2307,0.2262,0.2325,0.2243
1656,2019-11-30,0.2262,0.2255,0.2263,0.2192
1657,2019-12-01,0.2255,0.2196,0.227,0.2178
1658,2019-12-02,0.2196,0.2199,0.2224,0.2184
1659,2019-12-03,0.2199,0.2146,0.2258,0.2101
1660,2019-12-04,0.2146,0.2219,0.2267,0.2124
1661,2019-12-05,0.2219,0.2264,0.2277,0.2196
1662,2019-12-06,0.2264,0.2282,0.2289,0.224
1663,2019-12-07,0.2282,0.23,0.2331,0.2249
1664,2019-12-08,0.23,0.2245,0.2313,0.2215
1665,2019-12-09,0.2245,0.2227,0.2255,0.2192
1666,2019-12-10,0.2227,0.2211,0.2239,0.2201
1667,2019-12-11,0.2211,0.2186,0.2231,0.2168
1668,2019-12-12,0.2186,0.2207,0.2211,0.2152
1669,2019-12-13,0.2207,0.2165,0.2211,0.2149
1670,2019-12-14,0.2165,0.2175,0.2196,0.2149
1671,2019-12-15,0.2175,0.2056,0.2178,0.203
1672,2019-12-16,0.2056,0.1832,0.2056,0.1784
1673,2019-12-17,0.1832,0.1962,0.2006,0.1752
1674,2019-12-18,0.1962,0.1879,0.1974,0.1849
1675,2019-12-19,0.1879,0.1953,0.1984,0.1839
1676,2019-12-20,0.1953,0.1918,0.1965,0.1905
1677,2019-12-21,0.1918,0.1972,0.1974,0.1909
1678,2019-12-22,0.1972,0.1899,0.1991,0.1886
1679,2019-12-23,0.1899,0.1907,0.1937,0.1875
1680,2019-12-24,0.1907,0.1885,0.1916,0.1864
1681,2019-12-25,0.1885,0.1893,0.1942,0.1874
1682,2019-12-26,0.1893,0.19,0.1901,0.1845
1683,2019-12-27,0.19,0.1931,0.1947,0.1897
1684,2019-12-28,0.1931,0.1968,0.1984,0.191
1685,2019-12-29,0.1968,0.1928,0.1979,0.1916
1686,2019-12-30,0.1928,0.1927,0.1937,0.1896
1687,2019-12-31,0.1927,0.1931,0.195,0.1918
1688,2020-01-01,0.1931,0.1874,0.1931,0.1856
1689,2020-01-02,0.1874,0.1933,0.194,0.1845
1690,2020-01-03,0.1933,0.193,0.1937,0.1912
1691,2020-01-04,0.193,0.1947,0.1974,0.193
1692,2020-01-05,0.1947,0.2234,0.2238,0.1943
1693,2020-01-06,0.2234,0.2138,0.2256,0.2074
1694,2020-01-07,0.2138,0.2074,0.2185,0.2031
1695,2020-01-08,0.2074,0.2037,0.2087,0.2013
1696,2020-01-09,0.2037,0.2128,0.2129,0.2002
1697,2020-01-10,0.2128,0.2115,0.2199,0.2086
1698,2020-01-11,0.2115,0.2152,0.2169,0.2097
1699,2020-01-12,0.2152,0.2115,0.2155,0.2098
1700,2020-01-13,0.2115,0.2348,0.2447,0.2114
1701,2020-01-14,0.2348,0.2335,0.243,0.2261
1702,2020-01-15,0.2335,0.229,0.2347,0.2221
1703,2020-01-16,0.229,0.2388,0.2441,0.2265
1704,2020-01-17,0.2388,0.2432,0.2546,0.2316
1705,2020-01-18,0.2432,0.2356,0.2514,0.227
1706,2020-01-19,0.2356,0.2327,0.2363,0.224
1707,2020-01-20,0.2327,0.2367,0.2414,0.2298
1708,2020-01-21,0.2367,0.2369,0.2393,0.2321
1709,2020-01-22,0.2369,0.2253,0.237,0.2206
1710,2020-01-23,0.2253,0.2221,0.226,0.2134
1711,2020-01-24,0.2221,0.2193,0.2225,0.2162
1712,2020-01-25,0.2193,0.2308,0.2321,0.2179
1713,2020-01-26,0.2308,0.2304,0.2336,0.2259
1714,2020-01-27,0.2304,0.2396,0.2411,0.2304
1715,2020-01-28,0.2396,0.235,0.2418,0.2339
1716,2020-01-29,0.235,0.2433,0.2465,0.2303
1717,2020-01-30,0.2433,0.2391,0.2447,0.2335
1718,2020-01-31,0.2391,0.2412,0.2429,0.2368
1719,2020-02-01,0.2412,0.2509,0.2613,0.2357
1720,2020-02-02,0.2509,0.2544,0.2596,0.2467
1721,2020-02-03,0.2544,0.2661,0.27,0.247
1722,2020-02-04,0.2661,0.2778,0.2815,0.2661
1723,2020-02-05,0.2778,0.2828,0.2877,0.2698
1724,2020-02-06,0.2828,0.2791,0.2878,0.2772
1725,2020-02-07,0.2791,0.2776,0.282,0.2638
1726,2020-02-08,0.2776,0.2827,0.2894,0.2766
1727,2020-02-09,0.2827,0.2733,0.2832,0.2675
1728,2020-02-10,0.2733,0.2822,0.2843,0.2671
1729,2020-02-11,0.2822,0.305,0.3096,0.2818
1730,2020-02-12,0.305,0.3276,0.3396,0.3002
1731,2020-02-13,0.3276,0.3363,0.3393,0.3106
1732,2020-02-14,0.3363,0.3075,0.3469,0.2951
1733,2020-02-15,0.3075,0.293,0.3189,0.2683
1734,2020-02-16,0.293,0.2873,0.295,0.2695
1735,2020-02-17,0.2873,0.2985,0.3031,0.2758
1736,2020-02-18,0.2985,0.2748,0.309,0.2707
1737,2020-02-19,0.2748,0.2713,0.2815,0.2623
1738,2020-02-20,0.2713,0.2744,0.2794,0.2688
1739,2020-02-21,0.2744,0.2754,0.2785,0.2707
1740,2020-02-22,0.2754,0.284,0.2854,0.2753
1741,2020-02-23,0.284,0.2705,0.2851,0.264
1742,2020-02-24,0.2705,0.2522,0.271,0.2511
1743,2020-02-25,0.2522,0.229,0.255,0.2229
1744,2020-02-26,0.229,0.2381,0.2477,0.2238
1745,2020-02-27,0.2381,0.2371,0.2441,0.2281
1746,2020-02-28,0.2371,0.2291,0.2427,0.2275
1747,2020-02-29,0.2291,0.2273,0.2364,0.2242
1748,2020-03-01,0.2273,0.2397,0.242,0.2259
1749,2020-03-02,0.2397,0.2342,0.2399,0.2299
1750,2020-03-03,0.2342,0.2347,0.2384,0.2305
1751,2020-03-04,0.2347,0.2395,0.2435,0.2346
1752,2020-03-05,0.2395,0.2452,0.2465,0.2386
1753,2020-03-06,0.2452,0.2367,0.2457,0.2354
1754,2020-03-07,0.2367,0.204,0.2367,0.2009
1755,2020-03-08,0.204,0.2095,0.2117,0.1984
1756,2020-03-09,0.2095,0.2116,0.2161,0.2054
1757,2020-03-10,0.2116,0.2081,0.2138,0.1994
1758,2020-03-11,0.2081,0.1385,0.21,0.1306
1759,2020-03-12,0.1385,0.1602,0.1687,0.1138
1760,2020-03-13,0.1602,0.1457,0.1607,0.1434
1761,2020-03-14,0.1457,0.1528,0.1648,0.1445
1762,2020-03-15,0.1528,0.1413,0.1528,0.1282
1763,2020-03-16,0.1413,0.1477,0.1528,0.1402
1764,2020-03-17,0.1477,0.148,0.1498,0.1404
1765,2020-03-18,0.148,0.1653,0.173,0.1448
1766,2020-03-19,0.1653,0.1568,0.1758,0.1455
1767,2020-03-20,0.1568,0.1582,0.1621,0.1519
1768,2020-03-21,0.1582,0.1478,0.1619,0.1463
1769,2020-03-22,0.1478,0.159,0.1619,0.145
1770,2020-03-23,0.159,0.1629,0.1647,0.1576
1771,2020-03-24,0.1629,0.1621,0.1657,0.1574
1772,2020-03-25,0.1621,0.1767,0.178,0.16
1773,2020-03-26,0.1767,0.1728,0.1879,0.1697
1774,2020-03-27,0.1728,0.1759,0.1802,0.1665
1775,2020-03-28,0.1759,0.1627,0.177,0.1622
1776,2020-03-29,0.1627,0.1716,0.1758,0.1624
1777,2020-03-30,0.1716,0.1738,0.1784,0.1706
1778,2020-03-31,0.1738,0.1755,0.1764,0.1683
1779,2020-04-01,0.1755,0.1785,0.1869,0.1746
1780,2020-04-02,0.1785,0.1798,0.1831,0.1761
1781,2020-04-03,0.1798,0.1816,0.1843,0.1777
1782,2020-04-04,0.1816,0.1795,0.1825,0.1765
1783,2020-04-05,0.1795,0.1985,0.1987,0.1794
1784,2020-04-06,0.1985,0.1929,0.2054,0.1901
1785,2020-04-07,0.1929,0.2023,0.2031,0.1915
1786,2020-04-08,0.2023,0.1983,0.2025,0.194
1787,2020-04-09,0.1983,0.1878,0.199,0.1817
1788,2020-04-10,0.1878,0.189,0.1925,0.1853
1789,2020-04-11,0.189,0.1897,0.1963,0.1865
1790,2020-04-12,0.1897,0.1882,0.1899,0.1811
1791,2020-04-13,0.1882,0.1862,0.1897,0.1839
1792,2020-04-14,0.1862,0.1805,0.1901,0.1802
1793,2020-04-15,0.1805,0.1907,0.1935,0.1739
1794,2020-04-16,0.1907,0.1886,0.192,0.1865
1795,2020-04-17,0.1886,0.1958,0.1973,0.1886
1796,2020-04-18,0.1958,0.1893,0.1964,0.1885
1797,2020-04-19,0.1893,0.1819,0.1949,0.1782
1798,2020-04-20,0.1819,0.1838,0.1869,0.1814
1799,2020-04-21,0.1838,0.1882,0.19,0.1822
1800,2020-04-22,0.1882,0.1925,0.1995,0.1857
1801,2020-04-23,0.1925,0.1931,0.197,0.1922
1802,2020-04-24,0.1931,0.1946,0.1974,0.1918
1803,2020-04-25,0.1946,0.1965,0.1977,0.1923
1804,2020-04-26,0.1965,0.1978,0.1999,0.1944
1805,2020-04-27,0.1978,0.215,0.2185,0.1948
1806,2020-04-28,0.215,0.2268,0.2311,0.2141
1807,2020-04-29,0.2268,0.2116,0.2359,0.2085
1808,2020-04-30,0.2116,0.2179,0.2244,0.2115
1809,2020-05-01,0.2179,0.2239,0.2257,0.2155
1810,2020-05-02,0.2239,0.2194,0.2267,0.2159
1811,2020-05-03,0.2194,0.2181,0.2207,0.2074
1812,2020-05-04,0.2181,0.2172,0.2225,0.2134
1813,2020-05-05,0.2172,0.2119,0.2228,0.2105
1814,2020-05-06,0.2119,0.2188,0.221,0.21
1815,2020-05-07,0.2188,0.2188,0.2223,0.2145
1816,2020-05-08,0.2188,0.2165,0.225,0.2158
1817,2020-05-09,0.2165,0.1975,0.2165,0.181
1818,2020-05-10,0.1975,0.1932,0.2003,0.1853
1819,2020-05-11,0.1932,0.1972,0.2,0.1914
1820,2020-05-12,0.1972,0.2019,0.2043,0.1958
1821,2020-05-13,0.2019,0.204,0.2064,0.1986
1822,2020-05-14,0.204,0.1979,0.2048,0.1948
1823,2020-05-15,0.1979,0.1996,0.202,0.1965
1824,2020-05-16,0.1996,0.2013,0.2047,0.1989
1825,2020-05-17,0.2013,0.2054,0.2081,0.2012
1826,2020-05-18,0.2054,0.2051,0.2067,0.2008
1827,2020-05-19,0.2051,0.2016,0.2062,0.1974
1828,2020-05-20,0.2016,0.1941,0.2031,0.1892
1829,2020-05-21,0.1941,0.2002,0.2025,0.1919
1830,2020-05-22,0.2002,0.1989,0.2023,0.198
1831,2020-05-23,0.1989,0.1928,0.2013,0.1928
1832,2020-05-24,0.1928,0.1963,0.1973,0.1855
1833,2020-05-25,0.1963,0.1936,0.197,0.1914
1834,2020-05-26,0.1936,0.1981,0.2001,0.1936
1835,2020-05-27,0.1981,0.2003,0.201,0.1948
1836,2020-05-28,0.2003,0.1975,0.2029,0.1962
1837,2020-05-29,0.1975,0.207,0.2076,0.196
1838,2020-05-30,0.207,0.2024,0.2135,0.2012
1839,2020-05-31,0.2024,0.2111,0.2127,0.2013
1840,2020-06-01,0.2111,0.2032,0.2145,0.1975
1841,2020-06-02,0.2032,0.204,0.2047,0.2009
1842,2020-06-03,0.204,0.2044,0.2071,0.2009
1843,2020-06-04,0.2044,0.2026,0.2056,0.2013
1844,2020-06-05,0.2026,0.2037,0.2047,0.2012
1845,2020-06-06,0.2037,0.2033,0.2049,0.1992
1846,2020-06-07,0.2033,0.2042,0.2044,0.2001
1847,2020-06-08,0.2042,0.2014,0.2052,0.1857
1848,2020-06-09,0.2014,0.2029,0.2039,0.2004
1849,2020-06-10,0.2029,0.188,0.2037,0.1845
1850,2020-06-11,0.188,0.1931,0.195,0.1867
1851,2020-06-12,0.1931,0.1924,0.1938,0.1908
1852,2020-06-13,0.1924,0.1901,0.1925,0.1887
1853,2020-06-14,0.1901,0.1925,0.1936,0.1822
1854,2020-06-15,0.1925,0.1924,0.1941,0.19
1855,2020-06-16,0.1924,0.1931,0.1984,0.1884
1856,2020-06-17,0.1931,0.1897,0.1931,0.1881
1857,2020-06-18,0.1897,0.1871,0.19,0.1864
1858,2020-06-19,0.1871,0.1879,0.1888,0.1848
1859,2020-06-20,0.1879,0.1858,0.1884,0.1856
1860,2020-06-21,0.1858,0.1895,0.1905,0.1856
1861,2020-06-22,0.1895,0.1888,0.1905,0.1883
1862,2020-06-23,0.1888,0.1834,0.1901,0.1815
1863,2020-06-24,0.1834,0.1814,0.1839,0.1785
1864,2020-06-25,0.1814,0.1824,0.1867,0.1783
1865,2020-06-26,0.1824,0.1751,0.1833,0.1702
1866,2020-06-27,0.1751,0.1769,0.1798,0.1733
1867,2020-06-28,0.1769,0.1773,0.1792,0.175
1868,2020-06-29,0.1773,0.1752,0.1778,0.1748
1869,2020-06-30,0.1752,0.1765,0.1783,0.1737
1870,2020-07-01,0.1765,0.1749,0.1773,0.1723
1871,2020-07-02,0.1749,0.1764,0.1786,0.1745
1872,2020-07-03,0.1764,0.1781,0.1797,0.1761
1873,2020-07-04,0.1781,0.1772,0.1788,0.1742
1874,2020-07-05,0.1772,0.1889,0.1892,0.1766
1875,2020-07-06,0.1889,0.1852,0.1896,0.1832
1876,2020-07-07,0.1852,0.2056,0.2068,0.184
1877,2020-07-08,0.2056,0.2026,0.2115,0.1971
1878,2020-07-09,0.2026,0.1989,0.2027,0.193
1879,2020-07-10,0.1989,0.2012,0.2047,0.1981
1880,2020-07-11,0.2012,0.2012,0.2039,0.198
1881,2020-07-12,0.2012,0.1986,0.2064,0.193
1882,2020-07-13,0.1986,0.199,0.1998,0.1951
1883,2020-07-14,0.199,0.1971,0.1998,0.1964
1884,2020-07-15,0.1971,0.1943,0.1974,0.1889
1885,2020-07-16,0.1943,0.1945,0.1978,0.1913
1886,2020-07-17,0.1945,0.1998,0.2021,0.1939
1887,2020-07-18,0.1998,0.1996,0.202,0.196
1888,2020-07-19,0.1996,0.1948,0.2002,0.1923
1889,2020-07-20,0.1948,0.1996,0.201,0.1941
1890,2020-07-21,0.1996,0.2039,0.2048,0.1963
1891,2020-07-22,0.2039,0.2086,0.2103,0.2019
1892,2020-07-23,0.2086,0.2043,0.2087,0.2022
1893,2020-07-24,0.2043,0.2149,0.2178,0.204
1894,2020-07-25,0.2149,0.2154,0.2253,0.2131
1895,2020-07-26,0.2154,0.2246,0.2295,0.21
1896,2020-07-27,0.2246,0.2308,0.2349,0.2176
1897,2020-07-28,0.2308,0.2435,0.2502,0.2297
1898,2020-07-29,0.2435,0.2445,0.2497,0.2372
1899,2020-07-30,0.2445,0.2599,0.2607,0.2421
1900,2020-07-31,0.2599,0.2913,0.298,0.2561
1901,2020-08-01,0.2913,0.2878,0.3262,0.2596
1902,2020-08-02,0.2878,0.3103,0.3198,0.2844
1903,2020-08-03,0.3103,0.3015,0.3191,0.2921
1904,2020-08-04,0.3015,0.3027,0.3083,0.291
1905,2020-08-05,0.3027,0.3033,0.3112,0.2977
1906,2020-08-06,0.3033,0.2947,0.3102,0.2826
1907,2020-08-07,0.2947,0.2953,0.2989,0.2903
1908,2020-08-08,0.2953,0.288,0.2986,0.2825
1909,2020-08-09,0.288,0.2947,0.3005,0.288
1910,2020-08-10,0.2947,0.283,0.3074,0.2707
1911,2020-08-11,0.283,0.2824,0.2874,0.2723
1912,2020-08-12,0.2824,0.2949,0.2959,0.2725
1913,2020-08-13,0.2949,0.3004,0.3076,0.2903
1914,2020-08-14,0.3004,0.2992,0.3054,0.2921
1915,2020-08-15,0.2992,0.3046,0.3047,0.2924
1916,2020-08-16,0.3046,0.3157,0.3274,0.2974
1917,2020-08-17,0.3157,0.3027,0.3218,0.2995
1918,2020-08-18,0.3027,0.2899,0.3061,0.2794
1919,2020-08-19,0.2899,0.2924,0.2947,0.2847
1920,2020-08-20,0.2924,0.2792,0.2959,0.2781
1921,2020-08-21,0.2792,0.2862,0.2867,0.2734
1922,2020-08-22,0.2862,0.2849,0.288,0.2775
1923,2020-08-23,0.2849,0.2887,0.292,0.2825
1924,2020-08-24,0.2887,0.2767,0.2896,0.2704
1925,2020-08-25,0.2767,0.2765,0.2809,0.2743
1926,2020-08-26,0.2765,0.2646,0.2785,0.2551
1927,2020-08-27,0.2646,0.2719,0.2734,0.2602
1928,2020-08-28,0.2719,0.2741,0.2771,0.269
1929,2020-08-29,0.2741,0.2831,0.2839,0.274
1930,2020-08-30,0.2831,0.2814,0.2845,0.2784
1931,2020-08-31,0.2814,0.2955,0.299,0.2763
1932,2020-09-01,0.2955,0.2762,0.3039,0.2667
1933,2020-09-02,0.2762,0.2449,0.2767,0.2403
1934,2020-09-03,0.2449,0.2545,0.2657,0.2414
1935,2020-09-04,0.2545,0.2375,0.2595,0.2316
1936,2020-09-05,0.2375,0.2399,0.2461,0.2301
1937,2020-09-06,0.2399,0.2422,0.2429,0.2301
1938,2020-09-07,0.2422,0.2366,0.2437,0.2313
1939,2020-09-08,0.2366,0.2392,0.243,0.2332
1940,2020-09-09,0.2392,0.2432,0.2488,0.2391
1941,2020-09-10,0.2432,0.2427,0.2446,0.237
1942,2020-09-11,0.2427,0.2476,0.2487,0.2403
1943,2020-09-12,0.2476,0.2422,0.2534,0.2379
1944,2020-09-13,0.2422,0.2457,0.2491,0.2393
1945,2020-09-14,0.2457,0.2433,0.2492,0.2424
1946,2020-09-15,0.2433,0.2468,0.2511,0.2346
1947,2020-09-16,0.2468,0.2523,0.2583,0.2462
1948,2020-09-17,0.2523,0.2508,0.2552,0.2464
1949,2020-09-18,0.2508,0.2512,0.2548,0.2474
1950,2020-09-19,0.2512,0.2465,0.2512,0.2427
1951,2020-09-20,0.2465,0.2309,0.248,0.2295
1952,2020-09-21,0.2309,0.2331,0.2345,0.2298
1953,2020-09-22,0.2331,0.2215,0.2352,0.2207
1954,2020-09-23,0.2215,0.2329,0.2338,0.2196
1955,2020-09-24,0.2329,0.2415,0.2449,0.2297
1956,2020-09-25,0.2415,0.2416,0.2455,0.2381
1957,2020-09-26,0.2416,0.2433,0.2448,0.2376
1958,2020-09-27,0.2433,0.241,0.2484,0.2398
1959,2020-09-28,0.241,0.2428,0.2466,0.2385
1960,2020-09-29,0.2428,0.2418,0.2428,0.2377
1961,2020-09-30,0.2418,0.2381,0.2445,0.234
1962,2020-10-01,0.2381,0.2341,0.2393,0.2288
1963,2020-10-02,0.2341,0.2329,0.235,0.2328
1964,2020-10-03,0.2329,0.248,0.2501,0.2318
1965,2020-10-04,0.248,0.2503,0.2543,0.2466
1966,2020-10-05,0.2503,0.2456,0.2593,0.2406
1967,2020-10-06,0.2456,0.2488,0.2513,0.241
1968,2020-10-07,0.2488,0.2514,0.2535,0.2422
1969,2020-10-08,0.2514,0.2532,0.2567,0.2497
1970,2020-10-09,0.2532,0.2542,0.2601,0.2531
1971,2020-10-10,0.2542,0.2555,0.2584,0.2535
1972,2020-10-11,0.2555,0.2563,0.2584,0.2493
1973,2020-10-12,0.2563,0.2568,0.26,0.2528
1974,2020-10-13,0.2568,0.2493,0.2585,0.2463
1975,2020-10-14,0.2493,0.2461,0.2503,0.2433
1976,2020-10-15,0.2461,0.2402,0.248,0.238
1977,2020-10-16,0.2402,0.2407,0.2432,0.2389
1978,2020-10-17,0.2407,0.2423,0.2437,0.2402
1979,2020-10-18,0.2423,0.2457,0.2496,0.2403
1980,2020-10-19,0.2457,0.2435,0.2503,0.2417
1981,2020-10-20,0.2435,0.2514,0.2558,0.2429
1982,2020-10-21,0.2514,0.2575,0.2639,0.2514
1983,2020-10-22,0.2575,0.255,0.2595,0.2504
1984,2020-10-23,0.255,0.2564,0.2579,0.2528
1985,2020-10-24,0.2564,0.2533,0.2574,0.2516
1986,2020-10-25,0.2533,0.2484,0.2592,0.2438
1987,2020-10-26,0.2484,0.2528,0.2541,0.2478
1988,2020-10-27,0.2528,0.2458,0.2567,0.2446
1989,2020-10-28,0.2458,0.2424,0.2472,0.2399
1990,2020-10-29,0.2424,0.2393,0.2442,0.2319
1991,2020-10-30,0.2393,0.2399,0.2438,0.2378
1992,2020-10-31,0.2399,0.24,0.2414,0.2368
1993,2020-11-01,0.24,0.2356,0.2448,0.2332
1994,2020-11-02,0.2356,0.2395,0.2434,0.229
1995,2020-11-03,0.2395,0.2379,0.2406,0.2326
1996,2020-11-04,0.2379,0.2458,0.2475,0.2328
1997,2020-11-05,0.2458,0.2589,0.2616,0.2455
1998,2020-11-06,0.2589,0.2494,0.2675,0.2449
1999,2020-11-07,0.2494,0.2538,0.2571,0.2478
2000,2020-11-08,0.2538,0.2549,0.255,0.2535
